generation,individual_id,fitness,population_data
0,0,102.55080158094303,"{'npc0': [[83, 3], [15, 2], [68, 2], [81, 3], [40, 3], [38, 4]], 'npc1': [[32, 4], [2, 3], [44, 2], [49, 1], [3, 2], [49, 1]]}"
0,1,107.41310697893432,"{'npc0': [[9, 2], [30, 3], [55, 3], [60, 2], [27, 1], [86, 2]], 'npc1': [[72, 3], [87, 2], [56, 1], [51, 8], [19, 7], [30, 6]]}"
0,2,59.34931431360974,"{'npc0': [[80, 1], [75, 2], [85, 1], [20, 1], [8, 2], [40, 3]], 'npc1': [[38, 2], [86, 2], [50, 2], [67, 3], [84, 4], [38, 4]]}"
0,3,65.38990184449155,"{'npc0': [[1, 1], [88, 2], [52, 2], [82, 2], [78, 2], [70, 3]], 'npc1': [[19, 4], [70, 4], [21, 4], [13, 3], [76, 2], [42, 2]]}"
0,4,102.53249807182455,"{'npc0': [[81, 6], [69, 5], [61, 4], [37, 5], [87, 5], [50, 4]], 'npc1': [[17, 3], [35, 3], [75, 4], [84, 5], [67, 5], [48, 6]]}"
0,5,102.1001421146865,"{'npc0': [[50, 6], [25, 7], [8, 7], [76, 8], [75, 1], [26, 8]], 'npc1': [[72, 1], [21, 1], [40, 8], [3, 7], [42, 6], [47, 7]]}"
0,6,63.21448169393022,"{'npc0': [[16, 1], [68, 2], [65, 1], [85, 2], [37, 1], [35, 2]], 'npc1': [[89, 2], [80, 2], [19, 2], [40, 1], [20, 8], [57, 8]]}"
0,7,61.709030109078036,"{'npc0': [[15, 1], [38, 2], [64, 2], [67, 3], [46, 2], [80, 2]], 'npc1': [[38, 1], [78, 8], [43, 1], [59, 2], [80, 1], [39, 2]]}"
1,0,62.35872192960605,"{'npc0': [[83, 3], [15, 2], [68, 2], [81, 3], [40, 3], [38, 4]], 'npc1': [[32, 4], [2, 3], [44, 2], [49, 1], [3, 2], [49, 1]]}"
1,1,53.295901468162256,"{'npc0': [[9, 2], [30, 3], [55, 3], [60, 2], [27, 1], [86, 2]], 'npc1': [[72, 3], [87, 2], [56, 1], [51, 8], [19, 7], [30, 6]]}"
1,2,59.61071491332753,"{'npc0': [[80, 1], [75, 2], [85, 1], [20, 1], [8, 2], [40, 3]], 'npc1': [[38, 2], [86, 2], [50, 2], [67, 3], [84, 4], [38, 4]]}"
1,3,103.47552500193639,"{'npc0': [[1, 1], [88, 2], [52, 2], [82, 2], [78, 2], [70, 3]], 'npc1': [[19, 4], [70, 4], [21, 4], [13, 3], [76, 2], [42, 2]]}"
1,4,102.86880246571683,"{'npc0': [[81, 6], [69, 5], [61, 4], [37, 5], [87, 5], [50, 4]], 'npc1': [[17, 3], [35, 3], [75, 4], [84, 5], [67, 5], [48, 6]]}"
1,5,101.92040566416759,"{'npc0': [[50, 6], [25, 7], [8, 7], [76, 8], [75, 1], [26, 8]], 'npc1': [[72, 1], [21, 1], [40, 8], [3, 7], [42, 6], [47, 7]]}"
1,6,62.57381760848231,"{'npc0': [[16, 1], [68, 2], [65, 1], [85, 2], [37, 1], [35, 2]], 'npc1': [[89, 2], [80, 2], [19, 2], [40, 1], [20, 8], [57, 8]]}"
1,7,59.450131947632656,"{'npc0': [[15, 1], [38, 2], [64, 2], [67, 3], [46, 2], [80, 2]], 'npc1': [[38, 1], [78, 8], [43, 1], [59, 2], [80, 1], [39, 2]]}"
2,0,101.59141496519277,"{'npc0': [[1, 1], [88, 2], [52, 2], [82, 2], [78, 2], [70, 3]], 'npc1': [[19, 4], [70, 4], [21, 4], [13, 3], [76, 2], [42, 2]]}"
2,1,102.85660473581238,"{'npc0': [[81, 6], [69, 5], [61, 4], [37, 5], [87, 6], [50, 4]], 'npc1': [[17, 3], [35, 3], [75, 4], [84, 5], [67, 5], [48, 6]]}"
2,2,62.477058859922685,"{'npc0': [[1, 1], [88, 2], [52, 2], [82, 2], [78, 2], [70, 3]], 'npc1': [[17, 3], [70, 4], [21, 4], [13, 3], [76, 2], [48, 6]]}"
2,3,102.6861432129967,"{'npc0': [[81, 6], [69, 5], [61, 4], [37, 5], [87, 5], [46, 4]], 'npc1': [[19, 4], [38, 3], [75, 4], [84, 5], [67, 5], [42, 2]]}"
2,4,102.86880246571683,"{'npc0': [[81, 6], [69, 5], [61, 4], [37, 5], [87, 5], [50, 4]], 'npc1': [[17, 3], [35, 3], [75, 4], [84, 5], [67, 5], [48, 6]]}"
2,5,101.92040566416759,"{'npc0': [[50, 6], [25, 7], [8, 7], [76, 8], [75, 1], [26, 8]], 'npc1': [[72, 1], [21, 1], [40, 8], [3, 7], [42, 6], [47, 7]]}"
2,6,62.57381760848231,"{'npc0': [[16, 1], [68, 2], [65, 1], [85, 2], [37, 1], [35, 2]], 'npc1': [[89, 2], [80, 2], [19, 2], [40, 1], [20, 8], [57, 8]]}"
2,7,59.450131947632656,"{'npc0': [[15, 1], [38, 2], [64, 2], [67, 3], [46, 2], [80, 2]], 'npc1': [[38, 1], [78, 8], [43, 1], [59, 2], [80, 1], [39, 2]]}"
3,0,102.86291940439241,"{'npc0': [[81, 6], [69, 5], [61, 4], [37, 5], [52, 5], [50, 4]], 'npc1': [[17, 3], [35, 3], [75, 4], [84, 5], [67, 5], [37, 6]]}"
3,1,102.6668642436293,"{'npc0': [[81, 6], [69, 5], [61, 4], [37, 5], [87, 6], [50, 4]], 'npc1': [[17, 3], [35, 3], [75, 4], [84, 5], [67, 6], [48, 6]]}"
3,2,102.5297847892529,"{'npc0': [[81, 6], [69, 5], [61, 4], [37, 5], [87, 5], [50, 4]], 'npc1': [[17, 3], [35, 3], [75, 4], [84, 5], [67, 5], [48, 6]]}"
3,3,102.86587971940523,"{'npc0': [[81, 6], [69, 5], [61, 5], [37, 5], [87, 6], [50, 4]], 'npc1': [[17, 3], [35, 3], [61, 4], [84, 5], [67, 5], [48, 6]]}"
3,4,102.86880246571683,"{'npc0': [[81, 6], [69, 5], [61, 4], [37, 5], [87, 5], [50, 4]], 'npc1': [[17, 3], [35, 3], [75, 4], [84, 5], [67, 5], [48, 6]]}"
3,5,101.92040566416759,"{'npc0': [[50, 6], [25, 7], [8, 7], [76, 8], [75, 1], [26, 8]], 'npc1': [[72, 1], [21, 1], [40, 8], [3, 7], [42, 6], [47, 7]]}"
3,6,62.57381760848231,"{'npc0': [[16, 1], [68, 2], [65, 1], [85, 2], [37, 1], [35, 2]], 'npc1': [[89, 2], [80, 2], [19, 2], [40, 1], [20, 8], [57, 8]]}"
3,7,59.450131947632656,"{'npc0': [[15, 1], [38, 2], [64, 2], [67, 3], [46, 2], [80, 2]], 'npc1': [[38, 1], [78, 8], [43, 1], [59, 2], [80, 1], [39, 2]]}"
4,0,102.77407139323677,"{'npc0': [[81, 6], [69, 5], [69, 4], [37, 5], [87, 5], [50, 4]], 'npc1': [[17, 3], [13, 3], [75, 4], [84, 5], [67, 5], [48, 6]]}"
4,1,102.86032229770552,"{'npc0': [[81, 6], [69, 5], [61, 5], [37, 5], [87, 6], [50, 4]], 'npc1': [[17, 3], [35, 3], [61, 4], [84, 5], [67, 5], [48, 6]]}"
4,2,101.30080242990617,"{'npc0': [[21, 6], [69, 5], [61, 4], [37, 5], [87, 5], [50, 4]], 'npc1': [[17, 3], [36, 3], [61, 4], [84, 5], [67, 5], [48, 6]]}"
4,3,102.8549644838272,"{'npc0': [[81, 6], [69, 5], [61, 5], [37, 5], [87, 6], [50, 4]], 'npc1': [[17, 3], [35, 3], [75, 4], [84, 5], [67, 5], [48, 7]]}"
4,4,102.86880246571683,"{'npc0': [[81, 6], [69, 5], [61, 4], [37, 5], [87, 5], [50, 4]], 'npc1': [[17, 3], [35, 3], [75, 4], [84, 5], [67, 5], [48, 6]]}"
4,5,101.92040566416759,"{'npc0': [[50, 6], [25, 7], [8, 7], [76, 8], [75, 1], [26, 8]], 'npc1': [[72, 1], [21, 1], [40, 8], [3, 7], [42, 6], [47, 7]]}"
4,6,62.57381760848231,"{'npc0': [[16, 1], [68, 2], [65, 1], [85, 2], [37, 1], [35, 2]], 'npc1': [[89, 2], [80, 2], [19, 2], [40, 1], [20, 8], [57, 8]]}"
4,7,59.450131947632656,"{'npc0': [[15, 1], [38, 2], [64, 2], [67, 3], [46, 2], [80, 2]], 'npc1': [[38, 1], [78, 8], [43, 1], [59, 2], [80, 1], [39, 2]]}"
5,0,102.86283018248513,"{'npc0': [[81, 6], [69, 5], [61, 4], [37, 5], [87, 5], [50, 4]], 'npc1': [[17, 3], [35, 3], [75, 4], [84, 5], [67, 5], [48, 6]]}"
5,1,102.86644391329408,"{'npc0': [[81, 6], [69, 5], [61, 5], [37, 5], [87, 6], [50, 4]], 'npc1': [[17, 3], [35, 3], [61, 4], [84, 5], [67, 5], [48, 6]]}"
5,2,102.85794673395806,"{'npc0': [[81, 6], [69, 5], [61, 4], [37, 5], [87, 5], [50, 4]], 'npc1': [[17, 3], [69, 5], [75, 4], [84, 5], [67, 5], [48, 6]]}"
5,3,102.86615693688495,"{'npc0': [[81, 6], [35, 3], [61, 5], [37, 5], [87, 6], [50, 4]], 'npc1': [[17, 3], [35, 3], [61, 4], [84, 5], [67, 5], [48, 6]]}"
5,4,102.86880246571683,"{'npc0': [[81, 6], [69, 5], [61, 4], [37, 5], [87, 5], [50, 4]], 'npc1': [[17, 3], [35, 3], [75, 4], [84, 5], [67, 5], [48, 6]]}"
5,5,101.92040566416759,"{'npc0': [[50, 6], [25, 7], [8, 7], [76, 8], [75, 1], [26, 8]], 'npc1': [[72, 1], [21, 1], [40, 8], [3, 7], [42, 6], [47, 7]]}"
5,6,62.57381760848231,"{'npc0': [[16, 1], [68, 2], [65, 1], [85, 2], [37, 1], [35, 2]], 'npc1': [[89, 2], [80, 2], [19, 2], [40, 1], [20, 8], [57, 8]]}"
5,7,59.450131947632656,"{'npc0': [[15, 1], [38, 2], [64, 2], [67, 3], [46, 2], [80, 2]], 'npc1': [[38, 1], [78, 8], [43, 1], [59, 2], [80, 1], [39, 2]]}"
6,0,59.34754490583385,"{'npc0': [[43, 3], [43, 3], [32, 3], [61, 4], [62, 3], [83, 3]], 'npc1': [[53, 4], [32, 2], [65, 1], [59, 2], [59, 2], [39, 4]]}"
6,1,202.4146693922014,"{'npc0': [[80, 5], [3, 4], [69, 5], [23, 6], [36, 7], [17, 8]], 'npc1': [[54, 3], [59, 5], [27, 5], [66, 3], [39, 8], [89, 4]]}"
6,2,64.14226629544696,"{'npc0': [[55, 8], [4, 6], [70, 2], [56, 7], [45, 8], [70, 8]], 'npc1': [[33, 1], [81, 6], [41, 1], [30, 1], [28, 5], [57, 7]]}"
6,3,63.05237678100382,"{'npc0': [[64, 8], [8, 8], [46, 6], [49, 5], [36, 4], [27, 6]], 'npc1': [[15, 1], [42, 7], [78, 8], [65, 2], [34, 5], [8, 1]]}"
6,4,72.09265468379763,"{'npc0': [[76, 5], [35, 1], [44, 1], [29, 4], [76, 6], [56, 4]], 'npc1': [[83, 3], [88, 8], [57, 1], [85, 4], [50, 8], [62, 1]]}"
6,5,100.95235100532064,"{'npc0': [[38, 2], [86, 8], [58, 1], [84, 1], [21, 3], [32, 5]], 'npc1': [[34, 7], [55, 6], [44, 8], [32, 6], [61, 1], [45, 8]]}"
6,6,60.012239278025994,"{'npc0': [[65, 8], [20, 8], [72, 3], [49, 6], [5, 2], [47, 7]], 'npc1': [[48, 1], [71, 5], [83, 8], [37, 7], [88, 7], [57, 4]]}"
6,7,102.87642509948711,"{'npc0': [[89, 6], [32, 6], [46, 3], [75, 7], [51, 7], [56, 1]], 'npc1': [[7, 1], [69, 2], [12, 8], [54, 2], [46, 6], [31, 3]]}"
7,0,62.21112656464228,"{'npc0': [[80, 5], [3, 4], [69, 5], [52, 6], [36, 7], [17, 8]], 'npc1': [[52, 3], [59, 5], [27, 5], [66, 3], [39, 8], [89, 4]]}"
7,1,102.55664121631843,"{'npc0': [[89, 6], [32, 6], [46, 3], [75, 7], [51, 7], [56, 1]], 'npc1': [[7, 1], [69, 2], [12, 8], [54, 2], [46, 6], [31, 3]]}"
7,2,104.14539529564426,"{'npc0': [[80, 5], [3, 4], [69, 5], [23, 6], [36, 7], [17, 8]], 'npc1': [[54, 3], [59, 5], [46, 3], [66, 3], [39, 8], [89, 4]]}"
7,3,102.55377380115337,"{'npc0': [[89, 6], [32, 6], [27, 5], [75, 7], [51, 7], [56, 1]], 'npc1': [[7, 1], [69, 2], [12, 8], [54, 2], [46, 6], [31, 3]]}"
7,4,72.09265468379763,"{'npc0': [[76, 5], [35, 1], [44, 1], [29, 4], [76, 6], [56, 4]], 'npc1': [[83, 3], [88, 8], [57, 1], [85, 4], [50, 8], [62, 1]]}"
7,5,100.95235100532064,"{'npc0': [[38, 2], [86, 8], [58, 1], [84, 1], [21, 3], [32, 5]], 'npc1': [[34, 7], [55, 6], [44, 8], [32, 6], [61, 1], [45, 8]]}"
7,6,60.012239278025994,"{'npc0': [[65, 8], [20, 8], [72, 3], [49, 6], [5, 2], [47, 7]], 'npc1': [[48, 1], [71, 5], [83, 8], [37, 7], [88, 7], [57, 4]]}"
7,7,102.87642509948711,"{'npc0': [[89, 6], [32, 6], [46, 3], [75, 7], [51, 7], [56, 1]], 'npc1': [[7, 1], [69, 2], [12, 8], [54, 2], [46, 6], [31, 3]]}"
8,0,104.02829712609345,"{'npc0': [[80, 5], [3, 4], [69, 5], [23, 6], [36, 7], [17, 8]], 'npc1': [[54, 3], [59, 5], [46, 3], [66, 3], [39, 8], [89, 4]]}"
8,1,102.86132932355132,"{'npc0': [[89, 6], [32, 6], [46, 3], [75, 7], [51, 7], [56, 1]], 'npc1': [[7, 1], [69, 2], [12, 8], [54, 2], [46, 6], [31, 3]]}"
8,2,102.95315888642283,"{'npc0': [[80, 5], [32, 6], [69, 5], [23, 6], [36, 7], [17, 8]], 'npc1': [[7, 1], [59, 5], [46, 3], [66, 3], [39, 8], [89, 4]]}"
8,3,102.87343576981982,"{'npc0': [[89, 6], [3, 4], [46, 3], [75, 7], [51, 7], [56, 1]], 'npc1': [[54, 3], [69, 2], [12, 8], [54, 2], [46, 6], [31, 3]]}"
8,4,72.09265468379763,"{'npc0': [[76, 5], [35, 1], [44, 1], [29, 4], [76, 6], [56, 4]], 'npc1': [[83, 3], [88, 8], [57, 1], [85, 4], [50, 8], [62, 1]]}"
8,5,100.95235100532064,"{'npc0': [[38, 2], [86, 8], [58, 1], [84, 1], [21, 3], [32, 5]], 'npc1': [[34, 7], [55, 6], [44, 8], [32, 6], [61, 1], [45, 8]]}"
8,6,60.012239278025994,"{'npc0': [[65, 8], [20, 8], [72, 3], [49, 6], [5, 2], [47, 7]], 'npc1': [[48, 1], [71, 5], [83, 8], [37, 7], [88, 7], [57, 4]]}"
8,7,102.87642509948711,"{'npc0': [[89, 6], [32, 6], [46, 3], [75, 7], [51, 7], [56, 1]], 'npc1': [[7, 1], [69, 2], [12, 8], [54, 2], [46, 6], [31, 3]]}"
9,0,203.7485862521516,"{'npc0': [[80, 5], [3, 4], [69, 5], [23, 6], [36, 7], [17, 8]], 'npc1': [[54, 3], [59, 5], [46, 3], [66, 3], [39, 8], [89, 4]]}"
9,1,70.75678968381979,"{'npc0': [[80, 5], [32, 6], [69, 6], [23, 6], [36, 7], [17, 8]], 'npc1': [[70, 1], [59, 5], [46, 3], [66, 3], [39, 8], [89, 4]]}"
9,2,202.16044600484085,"{'npc0': [[80, 5], [3, 4], [69, 5], [23, 7], [36, 7], [17, 8]], 'npc1': [[54, 3], [49, 5], [46, 3], [66, 3], [39, 8], [89, 4]]}"
9,3,73.41140562767154,"{'npc0': [[80, 5], [32, 6], [69, 5], [23, 6], [46, 7], [17, 8]], 'npc1': [[7, 1], [59, 5], [46, 3], [66, 3], [39, 1], [89, 4]]}"
9,4,72.09265468379763,"{'npc0': [[76, 5], [35, 1], [44, 1], [29, 4], [76, 6], [56, 4]], 'npc1': [[83, 3], [88, 8], [57, 1], [85, 4], [50, 8], [62, 1]]}"
9,5,100.95235100532064,"{'npc0': [[38, 2], [86, 8], [58, 1], [84, 1], [21, 3], [32, 5]], 'npc1': [[34, 7], [55, 6], [44, 8], [32, 6], [61, 1], [45, 8]]}"
9,6,60.012239278025994,"{'npc0': [[65, 8], [20, 8], [72, 3], [49, 6], [5, 2], [47, 7]], 'npc1': [[48, 1], [71, 5], [83, 8], [37, 7], [88, 7], [57, 4]]}"
9,7,102.87642509948711,"{'npc0': [[89, 6], [32, 6], [46, 3], [75, 7], [51, 7], [56, 1]], 'npc1': [[7, 1], [69, 2], [12, 8], [54, 2], [46, 6], [31, 3]]}"
10,0,105.36824726507037,"{'npc0': [[80, 5], [3, 4], [69, 5], [23, 6], [36, 7], [17, 8]], 'npc1': [[54, 3], [59, 5], [46, 3], [66, 3], [39, 8], [89, 4]]}"
10,1,201.8765085756498,"{'npc0': [[80, 5], [3, 4], [69, 5], [23, 7], [36, 7], [17, 8]], 'npc1': [[54, 3], [49, 4], [46, 3], [66, 3], [39, 8], [89, 4]]}"
10,2,201.75013653807395,"{'npc0': [[80, 5], [3, 4], [69, 5], [23, 6], [36, 8], [17, 8]], 'npc1': [[54, 3], [59, 5], [57, 3], [66, 3], [39, 8], [89, 4]]}"
10,3,202.22188107423722,"{'npc0': [[80, 5], [3, 4], [69, 5], [23, 7], [36, 7], [17, 8]], 'npc1': [[54, 3], [49, 5], [46, 3], [66, 3], [39, 8], [89, 3]]}"
11,0,114.98236669676592,"{'npc0': [[80, 5], [3, 4], [69, 5], [23, 7], [36, 7], [17, 8]], 'npc1': [[54, 3], [49, 5], [46, 3], [66, 3], [39, 8], [89, 3]]}"
11,1,202.44793590054098,"{'npc0': [[80, 5], [3, 4], [69, 5], [23, 7], [36, 7], [17, 8]], 'npc1': [[54, 3], [49, 4], [46, 3], [66, 3], [39, 8], [89, 4]]}"
11,2,205.75578865142649,"{'npc0': [[80, 5], [3, 4], [69, 5], [23, 7], [36, 7], [17, 8]], 'npc1': [[54, 3], [49, 5], [46, 3], [66, 3], [36, 7], [89, 3]]}"
11,3,201.8276821704576,"{'npc0': [[80, 5], [3, 4], [69, 5], [23, 7], [39, 8], [17, 8]], 'npc1': [[54, 3], [50, 4], [46, 3], [66, 3], [39, 8], [89, 4]]}"
12,0,104.67512112368215,"{'npc0': [[80, 5], [3, 4], [69, 5], [23, 7], [36, 7], [17, 8]], 'npc1': [[54, 3], [49, 5], [46, 3], [66, 3], [36, 7], [89, 3]]}"
12,1,201.26084893530833,"{'npc0': [[80, 5], [3, 4], [69, 5], [27, 7], [36, 7], [17, 8]], 'npc1': [[54, 3], [49, 4], [46, 3], [66, 3], [39, 8], [89, 4]]}"
12,2,202.27496758132708,"{'npc0': [[80, 5], [3, 4], [69, 5], [23, 7], [36, 6], [17, 8]], 'npc1': [[54, 4], [49, 5], [46, 3], [66, 3], [36, 7], [89, 3]]}"
12,3,201.93255315014932,"{'npc0': [[80, 5], [3, 4], [69, 5], [23, 7], [36, 7], [17, 8]], 'npc1': [[54, 3], [49, 4], [46, 3], [66, 3], [39, 8], [89, 4]]}"
13,0,107.47346912440625,"{'npc0': [[80, 5], [3, 4], [69, 4], [23, 7], [36, 6], [17, 8]], 'npc1': [[54, 4], [49, 5], [46, 3], [66, 3], [88, 7], [89, 3]]}"
13,1,106.01890475493845,"{'npc0': [[80, 5], [3, 4], [69, 5], [23, 7], [36, 7], [8, 8]], 'npc1': [[54, 3], [49, 4], [46, 3], [66, 3], [39, 8], [89, 4]]}"
13,2,202.78447493352644,"{'npc0': [[48, 5], [3, 4], [69, 5], [23, 7], [36, 6], [17, 8]], 'npc1': [[54, 4], [49, 5], [36, 5], [66, 3], [36, 7], [89, 3]]}"
13,3,201.96005343691635,"{'npc0': [[80, 5], [3, 5], [46, 3], [23, 7], [36, 7], [17, 8]], 'npc1': [[54, 3], [49, 4], [46, 3], [66, 3], [39, 8], [39, 4]]}"
14,0,71.57491808489901,"{'npc0': [[80, 5], [3, 4], [69, 5], [23, 6], [36, 6], [17, 8]], 'npc1': [[54, 4], [59, 5], [46, 3], [66, 3], [15, 8], [89, 4]]}"
14,1,202.21898356198238,"{'npc0': [[80, 5], [3, 4], [69, 5], [23, 6], [36, 6], [17, 8]], 'npc1': [[54, 4], [59, 5], [46, 3], [66, 3], [15, 8], [89, 4]]}"
14,2,201.8606954336842,"{'npc0': [[80, 5], [3, 4], [85, 5], [23, 6], [36, 7], [17, 8]], 'npc1': [[54, 3], [59, 5], [46, 3], [8, 3], [39, 1], [89, 4]]}"
14,3,201.83390891691465,"{'npc0': [[80, 5], [3, 4], [85, 5], [23, 6], [36, 7], [17, 8]], 'npc1': [[54, 3], [59, 5], [46, 3], [8, 3], [39, 1], [89, 4]]}"
14,4,202.16023094326152,"{'npc0': [[80, 5], [3, 4], [69, 5], [23, 7], [36, 7], [17, 8]], 'npc1': [[54, 3], [49, 5], [46, 3], [66, 3], [36, 7], [89, 3]]}"
15,0,102.35270521221386,"{'npc0': [[20, 5], [22, 5], [42, 7], [68, 8], [7, 5], [13, 1]], 'npc1': [[10, 3], [6, 3], [11, 7], [25, 3], [87, 7], [57, 4]]}"
15,1,107.44373020229285,"{'npc0': [[7, 8], [48, 2], [32, 3], [0, 5], [70, 1], [49, 7]], 'npc1': [[65, 2], [87, 8], [17, 7], [80, 4], [38, 5], [37, 2]]}"
15,2,102.87512451478372,"{'npc0': [[20, 4], [38, 5], [25, 3], [88, 6], [9, 1], [6, 6]], 'npc1': [[61, 6], [8, 4], [56, 7], [25, 3], [52, 8], [71, 6]]}"
15,3,67.63116519383333,"{'npc0': [[3, 4], [79, 8], [57, 3], [33, 8], [5, 2], [16, 3]], 'npc1': [[51, 5], [83, 5], [12, 4], [53, 2], [54, 3], [54, 7]]}"
15,4,64.49965576696452,"{'npc0': [[28, 3], [83, 7], [44, 5], [7, 3], [1, 1], [19, 5]], 'npc1': [[23, 8], [86, 7], [69, 8], [1, 3], [44, 6], [54, 1]]}"
15,5,70.98314136570899,"{'npc0': [[31, 8], [58, 4], [10, 6], [2, 3], [84, 1], [41, 8]], 'npc1': [[81, 5], [22, 4], [73, 8], [82, 4], [71, 3], [39, 2]]}"
15,6,58.93225856069333,"{'npc0': [[77, 4], [33, 7], [6, 7], [0, 2], [34, 3], [73, 7]], 'npc1': [[2, 2], [37, 5], [51, 2], [77, 1], [57, 7], [79, 7]]}"
15,7,102.40340768254607,"{'npc0': [[63, 6], [18, 4], [48, 6], [44, 4], [86, 7], [44, 7]], 'npc1': [[59, 2], [1, 2], [49, 3], [84, 8], [81, 4], [48, 2]]}"
16,0,202.0186816596236,"{'npc0': [[7, 8], [48, 2], [32, 3], [0, 5], [70, 1], [49, 7]], 'npc1': [[65, 2], [87, 8], [17, 7], [80, 4], [38, 5], [37, 2]]}"
16,1,102.8770906506049,"{'npc0': [[20, 4], [38, 5], [25, 3], [88, 6], [9, 1], [6, 6]], 'npc1': [[61, 6], [8, 4], [56, 7], [25, 3], [52, 8], [71, 6]]}"
16,2,106.45177439438295,"{'npc0': [[7, 8], [48, 2], [32, 3], [0, 5], [25, 1], [49, 7]], 'npc1': [[65, 2], [87, 8], [17, 7], [80, 4], [38, 5], [25, 6]]}"
16,3,102.87408808108798,"{'npc0': [[20, 4], [38, 5], [25, 3], [88, 6], [9, 1], [6, 6]], 'npc1': [[61, 6], [8, 4], [56, 7], [25, 3], [52, 8], [37, 2]]}"
16,4,64.49965576696452,"{'npc0': [[28, 3], [83, 7], [44, 5], [7, 3], [1, 1], [19, 5]], 'npc1': [[23, 8], [86, 7], [69, 8], [1, 3], [44, 6], [54, 1]]}"
16,5,70.98314136570899,"{'npc0': [[31, 8], [58, 4], [10, 6], [2, 3], [84, 1], [41, 8]], 'npc1': [[81, 5], [22, 4], [73, 8], [82, 4], [71, 3], [39, 2]]}"
16,6,58.93225856069333,"{'npc0': [[77, 4], [33, 7], [6, 7], [0, 2], [34, 3], [73, 7]], 'npc1': [[2, 2], [37, 5], [51, 2], [77, 1], [57, 7], [79, 7]]}"
16,7,102.40340768254607,"{'npc0': [[63, 6], [18, 4], [48, 6], [44, 4], [86, 7], [44, 7]], 'npc1': [[59, 2], [1, 2], [49, 3], [84, 8], [81, 4], [48, 2]]}"
17,0,201.83229138533153,"{'npc0': [[7, 8], [48, 2], [32, 3], [0, 5], [70, 1], [49, 7]], 'npc1': [[65, 2], [87, 8], [17, 7], [80, 4], [38, 5], [37, 2]]}"
17,1,102.87324637112987,"{'npc0': [[20, 4], [38, 5], [25, 3], [88, 6], [9, 1], [6, 6]], 'npc1': [[61, 6], [8, 4], [56, 7], [25, 3], [52, 8], [71, 6]]}"
17,2,101.91938065274668,"{'npc0': [[7, 8], [48, 2], [32, 3], [0, 5], [25, 1], [49, 7]], 'npc1': [[65, 2], [87, 8], [17, 7], [80, 4], [38, 5], [25, 6]]}"
17,3,108.65609233818115,"{'npc0': [[20, 4], [38, 5], [25, 3], [88, 6], [9, 1], [6, 6]], 'npc1': [[61, 6], [8, 4], [56, 7], [25, 3], [52, 8], [37, 2]]}"
17,4,64.49965576696452,"{'npc0': [[28, 3], [83, 7], [44, 5], [7, 3], [1, 1], [19, 5]], 'npc1': [[23, 8], [86, 7], [69, 8], [1, 3], [44, 6], [54, 1]]}"
17,5,70.98314136570899,"{'npc0': [[31, 8], [58, 4], [10, 6], [2, 3], [84, 1], [41, 8]], 'npc1': [[81, 5], [22, 4], [73, 8], [82, 4], [71, 3], [39, 2]]}"
17,6,58.93225856069333,"{'npc0': [[77, 4], [33, 7], [6, 7], [0, 2], [34, 3], [73, 7]], 'npc1': [[2, 2], [37, 5], [51, 2], [77, 1], [57, 7], [79, 7]]}"
17,7,102.40340768254607,"{'npc0': [[63, 6], [18, 4], [48, 6], [44, 4], [86, 7], [44, 7]], 'npc1': [[59, 2], [1, 2], [49, 3], [84, 8], [81, 4], [48, 2]]}"
18,0,104.71447379292091,"{'npc0': [[7, 8], [48, 2], [32, 3], [0, 5], [70, 1], [49, 7]], 'npc1': [[65, 2], [87, 8], [17, 7], [80, 4], [38, 5], [37, 2]]}"
18,1,102.680392874074,"{'npc0': [[20, 3], [38, 5], [25, 3], [88, 6], [9, 1], [6, 6]], 'npc1': [[61, 6], [8, 4], [65, 7], [25, 3], [52, 8], [37, 2]]}"
18,2,204.1492484724924,"{'npc0': [[7, 8], [48, 2], [32, 3], [43, 5], [70, 1], [49, 7]], 'npc1': [[65, 2], [87, 7], [17, 7], [88, 6], [38, 5], [37, 2]]}"
18,3,102.5463509104635,"{'npc0': [[20, 4], [38, 5], [25, 3], [80, 4], [9, 2], [6, 6]], 'npc1': [[61, 6], [8, 4], [56, 7], [25, 3], [52, 8], [37, 2]]}"
18,4,64.49965576696452,"{'npc0': [[28, 3], [83, 7], [44, 5], [7, 3], [1, 1], [19, 5]], 'npc1': [[23, 8], [86, 7], [69, 8], [1, 3], [44, 6], [54, 1]]}"
18,5,70.98314136570899,"{'npc0': [[31, 8], [58, 4], [10, 6], [2, 3], [84, 1], [41, 8]], 'npc1': [[81, 5], [22, 4], [73, 8], [82, 4], [71, 3], [39, 2]]}"
18,6,58.93225856069333,"{'npc0': [[77, 4], [33, 7], [6, 7], [0, 2], [34, 3], [73, 7]], 'npc1': [[2, 2], [37, 5], [51, 2], [77, 1], [57, 7], [79, 7]]}"
18,7,102.40340768254607,"{'npc0': [[63, 6], [18, 4], [48, 6], [44, 4], [86, 7], [44, 7]], 'npc1': [[59, 2], [1, 2], [49, 3], [84, 8], [81, 4], [48, 2]]}"
19,0,103.37857073211272,"{'npc0': [[7, 8], [48, 2], [32, 4], [43, 5], [70, 1], [49, 7]], 'npc1': [[65, 2], [87, 7], [42, 7], [88, 6], [38, 5], [37, 2]]}"
19,1,100.60128131547906,"{'npc0': [[7, 8], [48, 2], [60, 3], [0, 5], [70, 1], [49, 7]], 'npc1': [[83, 2], [87, 8], [17, 7], [80, 4], [38, 5], [37, 2]]}"
19,2,65.6183570709786,"{'npc0': [[20, 8], [48, 2], [32, 3], [0, 5], [70, 1], [49, 7]], 'npc1': [[7, 8], [87, 7], [17, 7], [24, 6], [38, 5], [37, 2]]}"
19,3,58.72368577915303,"{'npc0': [[65, 2], [48, 2], [32, 3], [43, 5], [70, 1], [49, 7]], 'npc1': [[65, 2], [87, 8], [17, 7], [80, 4], [38, 5], [37, 2]]}"
20,0,114.3061792815351,"{'npc0': [[54, 1], [82, 4], [35, 6], [56, 4], [46, 7], [14, 5]], 'npc1': [[2, 3], [80, 4], [22, 4], [29, 8], [2, 1], [80, 5]]}"
20,1,101.52670279138214,"{'npc0': [[15, 3], [81, 6], [40, 2], [77, 8], [87, 4], [53, 6]], 'npc1': [[12, 8], [50, 5], [10, 8], [16, 6], [11, 6], [20, 1]]}"
20,2,206.90219907877298,"{'npc0': [[89, 7], [3, 7], [43, 7], [80, 3], [33, 6], [89, 8]], 'npc1': [[7, 6], [55, 6], [63, 2], [75, 2], [9, 2], [85, 8]]}"
20,3,101.77090350368277,"{'npc0': [[47, 6], [87, 7], [8, 3], [13, 7], [25, 7], [65, 6]], 'npc1': [[26, 4], [2, 3], [79, 8], [21, 1], [45, 6], [34, 3]]}"
20,4,64.20829457205538,"{'npc0': [[85, 4], [52, 2], [50, 2], [63, 6], [70, 7], [6, 5]], 'npc1': [[41, 8], [81, 1], [28, 3], [89, 5], [73, 6], [10, 7]]}"
20,5,60.5454156343353,"{'npc0': [[67, 3], [52, 6], [9, 6], [58, 8], [82, 7], [72, 7]], 'npc1': [[63, 8], [26, 7], [56, 1], [58, 5], [26, 4], [35, 8]]}"
20,6,65.25587337289248,"{'npc0': [[1, 1], [27, 4], [81, 6], [59, 3], [44, 7], [29, 3]], 'npc1': [[54, 7], [17, 4], [23, 4], [67, 7], [87, 4], [65, 1]]}"
20,7,65.361281062515,"{'npc0': [[5, 7], [88, 3], [40, 6], [46, 5], [67, 2], [56, 2]], 'npc1': [[22, 8], [60, 8], [87, 4], [52, 6], [64, 2], [61, 6]]}"
21,0,107.71397790337274,"{'npc0': [[26, 8], [48, 2], [32, 3], [0, 5], [70, 1], [49, 7]], 'npc1': [[65, 2], [87, 8], [17, 6], [80, 4], [38, 5], [37, 2]]}"
21,1,63.57524101316775,"{'npc0': [[26, 8], [48, 2], [32, 3], [0, 5], [70, 1], [49, 7]], 'npc1': [[65, 2], [87, 8], [17, 6], [80, 4], [38, 5], [37, 2]]}"
21,2,63.70897681543144,"{'npc0': [[7, 1], [48, 2], [32, 3], [0, 5], [70, 1], [49, 7]], 'npc1': [[65, 2], [87, 8], [17, 7], [66, 3], [38, 5], [37, 2]]}"
21,3,63.473429599615876,"{'npc0': [[7, 1], [48, 2], [32, 3], [0, 5], [70, 1], [49, 7]], 'npc1': [[65, 2], [87, 8], [17, 7], [66, 3], [38, 5], [37, 2]]}"
21,4,201.9964378661771,"{'npc0': [[80, 5], [3, 4], [69, 5], [23, 7], [36, 7], [17, 8]], 'npc1': [[54, 3], [49, 5], [46, 3], [66, 3], [36, 7], [89, 3]]}"
22,0,102.51976502279207,"{'npc0': [[80, 5], [3, 4], [69, 5], [23, 7], [36, 7], [17, 8]], 'npc1': [[54, 3], [49, 5], [46, 3], [66, 3], [36, 7], [89, 3]]}"
22,1,103.19258624475307,"{'npc0': [[26, 8], [48, 2], [32, 3], [0, 5], [70, 1], [49, 7]], 'npc1': [[65, 2], [87, 8], [17, 6], [80, 4], [2, 5], [37, 2]]}"
22,2,105.98371289817639,"{'npc0': [[80, 5], [3, 4], [69, 5], [23, 7], [36, 7], [17, 8]], 'npc1': [[54, 3], [49, 5], [46, 3], [66, 3], [36, 7], [89, 3]]}"
22,3,202.9228849616066,"{'npc0': [[26, 8], [48, 2], [32, 3], [0, 5], [70, 1], [49, 7]], 'npc1': [[65, 2], [87, 8], [17, 6], [80, 4], [38, 5], [37, 2]]}"
22,4,201.9964378661771,"{'npc0': [[80, 5], [3, 4], [69, 5], [23, 7], [36, 7], [17, 8]], 'npc1': [[54, 3], [49, 5], [46, 3], [66, 3], [36, 7], [89, 3]]}"
23,0,103.67919156352785,"{'npc0': [[26, 8], [48, 2], [66, 3], [0, 5], [70, 1], [49, 7]], 'npc1': [[65, 2], [87, 7], [17, 6], [80, 4], [38, 5], [37, 2]]}"
23,1,202.3798028085053,"{'npc0': [[80, 5], [3, 4], [69, 5], [23, 7], [36, 7], [17, 8]], 'npc1': [[54, 3], [49, 5], [46, 3], [66, 3], [36, 7], [89, 3]]}"
23,2,67.37085422836269,"{'npc0': [[2, 3], [48, 2], [32, 3], [0, 5], [70, 1], [49, 7]], 'npc1': [[65, 2], [57, 8], [17, 6], [80, 4], [38, 5], [37, 2]]}"
23,3,71.43295588377512,"{'npc0': [[80, 5], [75, 4], [69, 5], [23, 7], [36, 7], [17, 8]], 'npc1': [[26, 8], [49, 5], [8, 3], [66, 3], [36, 7], [89, 3]]}"
23,4,201.9964378661771,"{'npc0': [[80, 5], [3, 4], [69, 5], [23, 7], [36, 7], [17, 8]], 'npc1': [[54, 3], [49, 5], [46, 3], [66, 3], [36, 7], [89, 3]]}"
24,0,102.9372424413026,"{'npc0': [[80, 5], [3, 4], [69, 5], [17, 7], [36, 7], [17, 8]], 'npc1': [[54, 3], [49, 5], [46, 3], [66, 3], [36, 7], [89, 3]]}"
24,1,201.84211895062543,"{'npc0': [[80, 5], [3, 4], [69, 5], [23, 7], [36, 7], [17, 8]], 'npc1': [[54, 3], [49, 5], [46, 3], [66, 3], [36, 7], [89, 3]]}"
24,2,201.61183745478365,"{'npc0': [[80, 5], [3, 4], [69, 5], [23, 7], [26, 7], [17, 8]], 'npc1': [[54, 3], [49, 4], [46, 3], [66, 3], [36, 7], [89, 3]]}"
24,3,202.40078021436375,"{'npc0': [[80, 5], [3, 4], [17, 5], [23, 7], [36, 7], [17, 8]], 'npc1': [[54, 3], [49, 5], [46, 2], [66, 3], [36, 7], [89, 3]]}"
24,4,201.9964378661771,"{'npc0': [[80, 5], [3, 4], [69, 5], [23, 7], [36, 7], [17, 8]], 'npc1': [[54, 3], [49, 5], [46, 3], [66, 3], [36, 7], [89, 3]]}"
25,0,105.49436458610737,"{'npc0': [[80, 5], [3, 4], [17, 5], [23, 7], [36, 7], [17, 8]], 'npc1': [[54, 3], [49, 5], [46, 2], [66, 3], [36, 7], [89, 3]]}"
25,1,202.53241283541422,"{'npc0': [[80, 5], [3, 4], [69, 5], [23, 7], [36, 7], [17, 7]], 'npc1': [[54, 3], [49, 5], [46, 3], [66, 3], [36, 7], [79, 3]]}"
25,2,202.30201233545736,"{'npc0': [[80, 5], [3, 4], [17, 5], [23, 7], [36, 7], [17, 8]], 'npc1': [[54, 3], [49, 5], [46, 2], [66, 3], [36, 7], [89, 3]]}"
25,3,202.0506897514128,"{'npc0': [[80, 5], [3, 4], [69, 5], [23, 7], [36, 7], [17, 8]], 'npc1': [[54, 3], [49, 5], [46, 3], [66, 3], [36, 7], [89, 3]]}"
25,4,201.9964378661771,"{'npc0': [[80, 5], [3, 4], [69, 5], [23, 7], [36, 7], [17, 8]], 'npc1': [[54, 3], [49, 5], [46, 3], [66, 3], [36, 7], [89, 3]]}"
26,0,102.62763555206072,"{'npc0': [[37, 1], [88, 5], [88, 8], [21, 8], [30, 6], [10, 7]], 'npc1': [[64, 6], [74, 7], [26, 5], [89, 8], [83, 6], [85, 3]]}"
26,1,103.73882201823061,"{'npc0': [[63, 1], [50, 4], [59, 5], [16, 6], [63, 5], [25, 6]], 'npc1': [[61, 2], [31, 8], [77, 3], [77, 5], [80, 6], [5, 1]]}"
26,2,71.96538856457568,"{'npc0': [[58, 1], [9, 4], [78, 6], [88, 5], [11, 3], [60, 8]], 'npc1': [[51, 2], [31, 8], [81, 8], [36, 4], [48, 6], [3, 2]]}"
26,3,69.53945663773283,"{'npc0': [[44, 5], [33, 1], [11, 5], [48, 2], [29, 8], [18, 2]], 'npc1': [[53, 8], [11, 5], [42, 7], [71, 5], [63, 5], [9, 7]]}"
26,4,63.3305446482112,"{'npc0': [[27, 4], [10, 4], [39, 4], [43, 4], [28, 3], [87, 5]], 'npc1': [[40, 5], [79, 4], [3, 5], [26, 3], [69, 7], [8, 6]]}"
26,5,62.05738238402179,"{'npc0': [[65, 1], [7, 2], [51, 1], [57, 1], [69, 4], [48, 2]], 'npc1': [[63, 8], [73, 6], [49, 3], [82, 1], [6, 1], [64, 7]]}"
26,6,203.2256758971796,"{'npc0': [[52, 7], [55, 6], [48, 2], [45, 8], [59, 1], [81, 6]], 'npc1': [[58, 7], [65, 1], [72, 5], [35, 4], [87, 6], [60, 6]]}"
26,7,108.17182641846897,"{'npc0': [[43, 4], [7, 3], [4, 2], [61, 3], [88, 6], [45, 3]], 'npc1': [[58, 4], [15, 7], [0, 5], [69, 2], [48, 5], [83, 8]]}"
27,0,102.07772570325652,"{'npc0': [[52, 7], [55, 6], [48, 2], [65, 8], [59, 1], [81, 6]], 'npc1': [[58, 7], [65, 8], [72, 5], [35, 4], [87, 6], [60, 6]]}"
27,1,101.95096946367467,"{'npc0': [[43, 4], [7, 3], [4, 2], [61, 3], [88, 6], [45, 3]], 'npc1': [[58, 4], [15, 7], [0, 5], [69, 2], [48, 5], [83, 8]]}"
27,2,103.4786857902146,"{'npc0': [[9, 7], [55, 6], [48, 2], [45, 8], [59, 1], [81, 6]], 'npc1': [[58, 7], [65, 1], [17, 5], [35, 4], [87, 6], [60, 6]]}"
27,3,63.37478997546017,"{'npc0': [[43, 4], [7, 3], [4, 2], [61, 3], [88, 6], [45, 3]], 'npc1': [[58, 4], [15, 7], [0, 5], [69, 2], [48, 5], [83, 8]]}"
27,4,63.3305446482112,"{'npc0': [[27, 4], [10, 4], [39, 4], [43, 4], [28, 3], [87, 5]], 'npc1': [[40, 5], [79, 4], [3, 5], [26, 3], [69, 7], [8, 6]]}"
27,5,62.05738238402179,"{'npc0': [[65, 1], [7, 2], [51, 1], [57, 1], [69, 4], [48, 2]], 'npc1': [[63, 8], [73, 6], [49, 3], [82, 1], [6, 1], [64, 7]]}"
27,6,203.2256758971796,"{'npc0': [[52, 7], [55, 6], [48, 2], [45, 8], [59, 1], [81, 6]], 'npc1': [[58, 7], [65, 1], [72, 5], [35, 4], [87, 6], [60, 6]]}"
27,7,108.17182641846897,"{'npc0': [[43, 4], [7, 3], [4, 2], [61, 3], [88, 6], [45, 3]], 'npc1': [[58, 4], [15, 7], [0, 5], [69, 2], [48, 5], [83, 8]]}"
28,0,100.51628909801258,"{'npc0': [[52, 7], [55, 6], [48, 2], [45, 8], [59, 1], [81, 6]], 'npc1': [[58, 7], [65, 1], [72, 5], [35, 4], [87, 6], [60, 6]]}"
28,1,63.61428575566491,"{'npc0': [[43, 4], [7, 3], [4, 2], [61, 3], [88, 6], [45, 3]], 'npc1': [[58, 4], [15, 7], [0, 5], [69, 2], [48, 5], [83, 8]]}"
28,2,202.90005424651395,"{'npc0': [[52, 7], [55, 6], [48, 2], [45, 8], [59, 1], [83, 8]], 'npc1': [[58, 7], [65, 1], [72, 5], [35, 4], [87, 6], [60, 6]]}"
28,3,60.68626761483546,"{'npc0': [[43, 4], [7, 3], [4, 2], [72, 3], [88, 6], [45, 3]], 'npc1': [[58, 4], [15, 7], [0, 5], [69, 2], [48, 4], [81, 6]]}"
28,4,63.3305446482112,"{'npc0': [[27, 4], [10, 4], [39, 4], [43, 4], [28, 3], [87, 5]], 'npc1': [[40, 5], [79, 4], [3, 5], [26, 3], [69, 7], [8, 6]]}"
28,5,62.05738238402179,"{'npc0': [[65, 1], [7, 2], [51, 1], [57, 1], [69, 4], [48, 2]], 'npc1': [[63, 8], [73, 6], [49, 3], [82, 1], [6, 1], [64, 7]]}"
28,6,203.2256758971796,"{'npc0': [[52, 7], [55, 6], [48, 2], [45, 8], [59, 1], [81, 6]], 'npc1': [[58, 7], [65, 1], [72, 5], [35, 4], [87, 6], [60, 6]]}"
28,7,108.17182641846897,"{'npc0': [[43, 4], [7, 3], [4, 2], [61, 3], [88, 6], [45, 3]], 'npc1': [[58, 4], [15, 7], [0, 5], [69, 2], [48, 5], [83, 8]]}"
29,0,101.72153465367573,"{'npc0': [[52, 7], [55, 6], [48, 2], [42, 8], [59, 1], [81, 6]], 'npc1': [[58, 7], [23, 1], [72, 5], [35, 4], [87, 6], [60, 6]]}"
29,1,202.06586172148195,"{'npc0': [[52, 7], [55, 6], [48, 2], [45, 8], [59, 1], [83, 8]], 'npc1': [[58, 7], [65, 1], [72, 5], [35, 4], [87, 6], [60, 6]]}"
29,2,201.59875562240205,"{'npc0': [[52, 7], [55, 6], [48, 2], [45, 8], [87, 6], [60, 5]], 'npc1': [[58, 7], [39, 1], [72, 5], [35, 4], [87, 6], [60, 6]]}"
29,3,103.33213066132912,"{'npc0': [[23, 7], [55, 6], [48, 2], [45, 8], [59, 1], [83, 8]], 'npc1': [[58, 7], [65, 1], [72, 5], [35, 5], [59, 1], [81, 6]]}"
29,4,63.3305446482112,"{'npc0': [[27, 4], [10, 4], [39, 4], [43, 4], [28, 3], [87, 5]], 'npc1': [[40, 5], [79, 4], [3, 5], [26, 3], [69, 7], [8, 6]]}"
29,5,62.05738238402179,"{'npc0': [[65, 1], [7, 2], [51, 1], [57, 1], [69, 4], [48, 2]], 'npc1': [[63, 8], [73, 6], [49, 3], [82, 1], [6, 1], [64, 7]]}"
29,6,203.2256758971796,"{'npc0': [[52, 7], [55, 6], [48, 2], [45, 8], [59, 1], [81, 6]], 'npc1': [[58, 7], [65, 1], [72, 5], [35, 4], [87, 6], [60, 6]]}"
29,7,108.17182641846897,"{'npc0': [[43, 4], [7, 3], [4, 2], [61, 3], [88, 6], [45, 3]], 'npc1': [[58, 4], [15, 7], [0, 5], [69, 2], [48, 5], [83, 8]]}"
30,0,100.47558951047942,"{'npc0': [[52, 7], [55, 6], [48, 2], [45, 8], [59, 1], [81, 6]], 'npc1': [[58, 7], [65, 1], [72, 5], [35, 4], [87, 6], [60, 6]]}"
30,1,201.93286069838945,"{'npc0': [[52, 7], [55, 6], [48, 2], [45, 8], [59, 1], [40, 8]], 'npc1': [[58, 7], [65, 1], [72, 5], [35, 4], [87, 6], [15, 6]]}"
30,2,201.9537496072084,"{'npc0': [[52, 7], [55, 6], [48, 2], [35, 4], [59, 1], [81, 6]], 'npc1': [[58, 7], [65, 1], [72, 5], [35, 4], [87, 6], [60, 6]]}"
30,3,203.31512576559695,"{'npc0': [[52, 7], [55, 6], [48, 2], [45, 8], [59, 1], [83, 8]], 'npc1': [[58, 7], [65, 1], [72, 5], [45, 8], [87, 6], [60, 6]]}"
30,4,63.3305446482112,"{'npc0': [[27, 4], [10, 4], [39, 4], [43, 4], [28, 3], [87, 5]], 'npc1': [[40, 5], [79, 4], [3, 5], [26, 3], [69, 7], [8, 6]]}"
30,5,62.05738238402179,"{'npc0': [[65, 1], [7, 2], [51, 1], [57, 1], [69, 4], [48, 2]], 'npc1': [[63, 8], [73, 6], [49, 3], [82, 1], [6, 1], [64, 7]]}"
30,6,203.2256758971796,"{'npc0': [[52, 7], [55, 6], [48, 2], [45, 8], [59, 1], [81, 6]], 'npc1': [[58, 7], [65, 1], [72, 5], [35, 4], [87, 6], [60, 6]]}"
30,7,108.17182641846897,"{'npc0': [[43, 4], [7, 3], [4, 2], [61, 3], [88, 6], [45, 3]], 'npc1': [[58, 4], [15, 7], [0, 5], [69, 2], [48, 5], [83, 8]]}"
31,0,105.52109762925308,"{'npc0': [[52, 7], [55, 6], [48, 2], [45, 8], [59, 1], [83, 8]], 'npc1': [[58, 7], [65, 1], [72, 5], [45, 8], [87, 6], [60, 6]]}"
31,1,201.94249046999278,"{'npc0': [[52, 7], [55, 6], [48, 2], [45, 8], [59, 1], [81, 6]], 'npc1': [[58, 7], [65, 1], [72, 5], [35, 4], [87, 6], [60, 6]]}"
31,2,201.96954774977198,"{'npc0': [[52, 7], [55, 6], [48, 2], [35, 4], [59, 1], [83, 8]], 'npc1': [[58, 7], [65, 1], [72, 5], [45, 7], [87, 6], [60, 6]]}"
31,3,201.98181228230328,"{'npc0': [[52, 7], [55, 6], [48, 2], [45, 1], [59, 1], [81, 6]], 'npc1': [[58, 7], [65, 1], [72, 5], [45, 8], [87, 6], [60, 5]]}"
32,0,104.62195150755275,"{'npc0': [[40, 2], [86, 5], [55, 6], [24, 1], [10, 4], [2, 5]], 'npc1': [[50, 8], [81, 2], [26, 2], [30, 1], [87, 6], [72, 8]]}"
32,1,101.89990820659033,"{'npc0': [[22, 5], [59, 4], [81, 4], [13, 6], [71, 1], [73, 3]], 'npc1': [[1, 5], [15, 2], [76, 2], [41, 3], [67, 3], [60, 6]]}"
32,2,100.97006486375606,"{'npc0': [[18, 2], [16, 1], [28, 2], [78, 5], [25, 7], [55, 4]], 'npc1': [[87, 7], [40, 1], [7, 4], [3, 6], [10, 3], [6, 4]]}"
32,3,206.14998531036736,"{'npc0': [[51, 7], [48, 5], [56, 4], [32, 4], [13, 3], [71, 6]], 'npc1': [[37, 7], [79, 5], [49, 6], [46, 5], [77, 3], [63, 8]]}"
32,4,206.13756271958206,"{'npc0': [[62, 7], [24, 1], [81, 3], [0, 4], [16, 3], [44, 5]], 'npc1': [[40, 4], [48, 7], [9, 3], [55, 2], [84, 3], [9, 3]]}"
32,5,101.07130664748696,"{'npc0': [[88, 2], [10, 2], [32, 2], [78, 4], [77, 6], [73, 2]], 'npc1': [[25, 3], [87, 7], [76, 7], [53, 2], [21, 4], [25, 6]]}"
32,6,61.49198920379787,"{'npc0': [[71, 8], [84, 3], [43, 8], [39, 2], [8, 3], [12, 8]], 'npc1': [[70, 2], [14, 6], [5, 8], [63, 8], [6, 6], [83, 3]]}"
32,7,69.77714845854891,"{'npc0': [[66, 5], [45, 2], [3, 2], [5, 5], [35, 8], [56, 4]], 'npc1': [[2, 8], [54, 3], [17, 3], [0, 2], [86, 6], [49, 4]]}"
33,0,105.06572228027427,"{'npc0': [[52, 7], [55, 6], [48, 2], [45, 8], [59, 2], [81, 6]], 'npc1': [[22, 7], [65, 1], [72, 5], [35, 4], [87, 6], [60, 6]]}"
33,1,103.61246195281798,"{'npc0': [[52, 7], [55, 6], [48, 2], [45, 8], [59, 2], [81, 6]], 'npc1': [[22, 7], [65, 1], [72, 5], [35, 4], [87, 6], [60, 6]]}"
33,2,102.76481637624124,"{'npc0': [[52, 7], [48, 6], [48, 2], [45, 8], [59, 1], [74, 6]], 'npc1': [[58, 6], [65, 1], [72, 5], [35, 4], [87, 6], [60, 5]]}"
33,3,102.86469636176575,"{'npc0': [[52, 7], [48, 6], [48, 2], [45, 8], [59, 1], [74, 6]], 'npc1': [[58, 6], [65, 1], [72, 5], [35, 4], [87, 6], [60, 5]]}"
33,4,202.28777969039555,"{'npc0': [[80, 5], [3, 4], [69, 5], [23, 7], [36, 7], [17, 8]], 'npc1': [[54, 3], [49, 5], [46, 3], [66, 3], [36, 7], [89, 3]]}"
34,0,70.14480151295801,"{'npc0': [[80, 5], [3, 4], [69, 5], [23, 7], [36, 7], [17, 8]], 'npc1': [[54, 3], [49, 5], [46, 3], [66, 3], [36, 7], [89, 3]]}"
34,1,201.56200191506827,"{'npc0': [[52, 7], [55, 6], [6, 2], [45, 8], [59, 2], [81, 6]], 'npc1': [[22, 7], [65, 1], [72, 5], [35, 4], [57, 6], [60, 6]]}"
34,2,202.90612502181745,"{'npc0': [[80, 5], [65, 1], [69, 5], [23, 7], [36, 7], [17, 8]], 'npc1': [[54, 3], [3, 4], [46, 3], [66, 3], [36, 7], [89, 3]]}"
34,3,206.05077856501038,"{'npc0': [[52, 7], [55, 6], [48, 2], [45, 8], [59, 2], [81, 6]], 'npc1': [[22, 7], [49, 5], [72, 5], [35, 4], [87, 6], [60, 6]]}"
34,4,202.28777969039555,"{'npc0': [[80, 5], [3, 4], [69, 5], [23, 7], [36, 7], [17, 8]], 'npc1': [[54, 3], [49, 5], [46, 3], [66, 3], [36, 7], [89, 3]]}"
35,0,105.55730867556719,"{'npc0': [[52, 7], [55, 6], [48, 2], [45, 8], [59, 2], [81, 7]], 'npc1': [[22, 7], [49, 5], [72, 5], [35, 4], [87, 6], [60, 6]]}"
35,1,104.07356962271994,"{'npc0': [[80, 5], [65, 1], [69, 5], [23, 7], [36, 7], [17, 8]], 'npc1': [[54, 3], [3, 4], [46, 3], [66, 3], [36, 7], [89, 3]]}"
35,2,103.5773253061285,"{'npc0': [[52, 7], [55, 6], [48, 2], [45, 8], [59, 2], [81, 6]], 'npc1': [[22, 7], [3, 4], [72, 5], [35, 4], [87, 6], [60, 6]]}"
35,3,201.9072844192812,"{'npc0': [[80, 5], [65, 1], [69, 5], [23, 7], [36, 7], [17, 8]], 'npc1': [[54, 3], [49, 5], [46, 3], [66, 3], [36, 7], [89, 3]]}"
35,4,202.28777969039555,"{'npc0': [[80, 5], [3, 4], [69, 5], [23, 7], [36, 7], [17, 8]], 'npc1': [[54, 3], [49, 5], [46, 3], [66, 3], [36, 7], [89, 3]]}"
36,0,103.87025440954622,"{'npc0': [[80, 5], [3, 4], [69, 5], [23, 7], [36, 7], [17, 8]], 'npc1': [[54, 3], [49, 5], [46, 3], [66, 3], [36, 7], [89, 3]]}"
36,1,202.2315926866251,"{'npc0': [[80, 5], [65, 1], [69, 5], [23, 7], [36, 7], [17, 8]], 'npc1': [[54, 3], [49, 5], [46, 3], [66, 3], [36, 7], [89, 3]]}"
36,2,102.71237095486029,"{'npc0': [[39, 5], [3, 4], [69, 5], [23, 7], [36, 7], [17, 8]], 'npc1': [[80, 5], [49, 5], [46, 3], [76, 3], [36, 7], [89, 3]]}"
36,3,117.92650142517392,"{'npc0': [[54, 3], [65, 1], [69, 5], [23, 7], [36, 7], [17, 8]], 'npc1': [[54, 3], [49, 5], [46, 3], [66, 3], [36, 7], [89, 3]]}"
36,4,202.28777969039555,"{'npc0': [[80, 5], [3, 4], [69, 5], [23, 7], [36, 7], [17, 8]], 'npc1': [[54, 3], [49, 5], [46, 3], [66, 3], [36, 7], [89, 3]]}"
37,0,102.86473044837838,"{'npc0': [[79, 6], [53, 8], [44, 1], [48, 5], [45, 2], [68, 3]], 'npc1': [[21, 8], [89, 4], [37, 7], [39, 7], [46, 3], [8, 3]]}"
37,1,103.68362205734252,"{'npc0': [[12, 8], [36, 8], [68, 6], [77, 5], [43, 2], [47, 4]], 'npc1': [[28, 1], [65, 1], [17, 4], [63, 4], [85, 4], [38, 7]]}"
37,2,65.17728991615557,"{'npc0': [[40, 3], [23, 8], [48, 4], [39, 1], [88, 3], [67, 7]], 'npc1': [[1, 1], [75, 6], [12, 2], [5, 4], [66, 7], [61, 8]]}"
37,3,63.579630736329385,"{'npc0': [[31, 3], [33, 3], [34, 8], [67, 2], [88, 6], [75, 5]], 'npc1': [[28, 8], [8, 5], [22, 1], [70, 2], [11, 5], [35, 1]]}"
37,4,206.04115003077203,"{'npc0': [[65, 7], [36, 2], [30, 5], [78, 7], [63, 2], [72, 3]], 'npc1': [[12, 4], [47, 8], [37, 7], [44, 4], [35, 5], [69, 4]]}"
37,5,65.82099206965434,"{'npc0': [[34, 7], [41, 4], [84, 2], [43, 1], [74, 4], [7, 5]], 'npc1': [[61, 3], [64, 4], [11, 3], [50, 1], [59, 1], [19, 7]]}"
37,6,64.01482829704196,"{'npc0': [[53, 2], [77, 3], [61, 4], [71, 2], [73, 2], [20, 8]], 'npc1': [[81, 3], [49, 5], [15, 3], [74, 8], [46, 5], [23, 8]]}"
37,7,102.87752849815487,"{'npc0': [[67, 5], [47, 1], [49, 2], [44, 4], [14, 4], [40, 6]], 'npc1': [[64, 6], [18, 5], [89, 2], [27, 5], [24, 5], [70, 6]]}"
38,0,101.4604842702143,"{'npc0': [[65, 7], [36, 2], [30, 5], [78, 7], [63, 2], [72, 3]], 'npc1': [[12, 4], [47, 8], [15, 7], [44, 4], [35, 5], [69, 4]]}"
38,1,109.61156152713838,"{'npc0': [[12, 8], [36, 7], [68, 6], [77, 5], [43, 2], [47, 4]], 'npc1': [[28, 1], [65, 1], [17, 4], [63, 4], [85, 4], [38, 7]]}"
38,2,207.1127525876389,"{'npc0': [[65, 7], [36, 2], [30, 5], [78, 7], [63, 2], [72, 3]], 'npc1': [[12, 4], [47, 8], [37, 7], [44, 4], [35, 5], [69, 4]]}"
38,3,103.57926054360892,"{'npc0': [[12, 8], [36, 8], [68, 6], [77, 5], [43, 2], [47, 4]], 'npc1': [[28, 1], [65, 1], [17, 4], [63, 4], [85, 4], [38, 7]]}"
38,4,206.04115003077203,"{'npc0': [[65, 7], [36, 2], [30, 5], [78, 7], [63, 2], [72, 3]], 'npc1': [[12, 4], [47, 8], [37, 7], [44, 4], [35, 5], [69, 4]]}"
38,5,65.82099206965434,"{'npc0': [[34, 7], [41, 4], [84, 2], [43, 1], [74, 4], [7, 5]], 'npc1': [[61, 3], [64, 4], [11, 3], [50, 1], [59, 1], [19, 7]]}"
38,6,64.01482829704196,"{'npc0': [[53, 2], [77, 3], [61, 4], [71, 2], [73, 2], [20, 8]], 'npc1': [[81, 3], [49, 5], [15, 3], [74, 8], [46, 5], [23, 8]]}"
38,7,102.87752849815487,"{'npc0': [[67, 5], [47, 1], [49, 2], [44, 4], [14, 4], [40, 6]], 'npc1': [[64, 6], [18, 5], [89, 2], [27, 5], [24, 5], [70, 6]]}"
39,0,101.37830265373867,"{'npc0': [[65, 7], [36, 2], [30, 5], [78, 7], [63, 2], [72, 3]], 'npc1': [[12, 4], [47, 8], [15, 7], [44, 4], [35, 5], [69, 4]]}"
39,1,110.99706818773404,"{'npc0': [[12, 8], [36, 7], [68, 6], [77, 5], [43, 2], [47, 4]], 'npc1': [[28, 1], [65, 1], [17, 4], [63, 4], [85, 4], [38, 7]]}"
39,2,206.65577232565562,"{'npc0': [[65, 7], [36, 2], [30, 5], [78, 7], [63, 2], [72, 3]], 'npc1': [[12, 4], [47, 8], [37, 7], [44, 4], [35, 5], [69, 4]]}"
39,3,103.60738248468543,"{'npc0': [[12, 8], [36, 8], [68, 6], [77, 5], [43, 2], [47, 4]], 'npc1': [[28, 1], [65, 1], [17, 4], [63, 4], [85, 4], [38, 7]]}"
39,4,206.04115003077203,"{'npc0': [[65, 7], [36, 2], [30, 5], [78, 7], [63, 2], [72, 3]], 'npc1': [[12, 4], [47, 8], [37, 7], [44, 4], [35, 5], [69, 4]]}"
39,5,65.82099206965434,"{'npc0': [[34, 7], [41, 4], [84, 2], [43, 1], [74, 4], [7, 5]], 'npc1': [[61, 3], [64, 4], [11, 3], [50, 1], [59, 1], [19, 7]]}"
39,6,64.01482829704196,"{'npc0': [[53, 2], [77, 3], [61, 4], [71, 2], [73, 2], [20, 8]], 'npc1': [[81, 3], [49, 5], [15, 3], [74, 8], [46, 5], [23, 8]]}"
39,7,102.87752849815487,"{'npc0': [[67, 5], [47, 1], [49, 2], [44, 4], [14, 4], [40, 6]], 'npc1': [[64, 6], [18, 5], [89, 2], [27, 5], [24, 5], [70, 6]]}"
40,0,106.46678101456239,"{'npc0': [[65, 7], [36, 2], [30, 5], [78, 7], [63, 2], [72, 3]], 'npc1': [[12, 4], [47, 8], [37, 7], [44, 4], [35, 5], [69, 4]]}"
40,1,206.68341361435444,"{'npc0': [[65, 7], [36, 2], [30, 5], [78, 7], [63, 2], [72, 3]], 'npc1': [[12, 4], [47, 8], [37, 7], [44, 4], [35, 5], [69, 4]]}"
40,2,205.88730064357225,"{'npc0': [[65, 7], [36, 2], [30, 5], [78, 7], [63, 2], [28, 3]], 'npc1': [[12, 4], [47, 8], [37, 8], [44, 4], [35, 5], [69, 4]]}"
40,3,206.62708960978625,"{'npc0': [[65, 7], [36, 2], [30, 5], [78, 7], [63, 2], [72, 3]], 'npc1': [[12, 4], [47, 8], [37, 7], [44, 4], [35, 5], [69, 4]]}"
40,4,206.04115003077203,"{'npc0': [[65, 7], [36, 2], [30, 5], [78, 7], [63, 2], [72, 3]], 'npc1': [[12, 4], [47, 8], [37, 7], [44, 4], [35, 5], [69, 4]]}"
40,5,65.82099206965434,"{'npc0': [[34, 7], [41, 4], [84, 2], [43, 1], [74, 4], [7, 5]], 'npc1': [[61, 3], [64, 4], [11, 3], [50, 1], [59, 1], [19, 7]]}"
40,6,64.01482829704196,"{'npc0': [[53, 2], [77, 3], [61, 4], [71, 2], [73, 2], [20, 8]], 'npc1': [[81, 3], [49, 5], [15, 3], [74, 8], [46, 5], [23, 8]]}"
40,7,102.87752849815487,"{'npc0': [[67, 5], [47, 1], [49, 2], [44, 4], [14, 4], [40, 6]], 'npc1': [[64, 6], [18, 5], [89, 2], [27, 5], [24, 5], [70, 6]]}"
41,0,101.37206374521188,"{'npc0': [[65, 7], [28, 2], [30, 5], [78, 7], [63, 2], [72, 3]], 'npc1': [[12, 4], [47, 8], [37, 7], [44, 4], [35, 5], [69, 4]]}"
41,1,207.02477070264297,"{'npc0': [[65, 7], [36, 2], [30, 5], [78, 7], [63, 2], [72, 3]], 'npc1': [[12, 4], [47, 8], [37, 7], [44, 4], [35, 5], [69, 4]]}"
41,2,206.71026642685595,"{'npc0': [[65, 7], [36, 2], [30, 5], [78, 7], [63, 2], [72, 3]], 'npc1': [[12, 4], [23, 8], [37, 7], [44, 4], [35, 5], [69, 4]]}"
41,3,206.29853492902294,"{'npc0': [[65, 7], [36, 2], [30, 5], [78, 7], [63, 2], [72, 3]], 'npc1': [[12, 4], [47, 8], [37, 7], [44, 4], [35, 5], [69, 4]]}"
41,4,206.04115003077203,"{'npc0': [[65, 7], [36, 2], [30, 5], [78, 7], [63, 2], [72, 3]], 'npc1': [[12, 4], [47, 8], [37, 7], [44, 4], [35, 5], [69, 4]]}"
41,5,65.82099206965434,"{'npc0': [[34, 7], [41, 4], [84, 2], [43, 1], [74, 4], [7, 5]], 'npc1': [[61, 3], [64, 4], [11, 3], [50, 1], [59, 1], [19, 7]]}"
41,6,64.01482829704196,"{'npc0': [[53, 2], [77, 3], [61, 4], [71, 2], [73, 2], [20, 8]], 'npc1': [[81, 3], [49, 5], [15, 3], [74, 8], [46, 5], [23, 8]]}"
41,7,102.87752849815487,"{'npc0': [[67, 5], [47, 1], [49, 2], [44, 4], [14, 4], [40, 6]], 'npc1': [[64, 6], [18, 5], [89, 2], [27, 5], [24, 5], [70, 6]]}"
42,0,101.22624055754747,"{'npc0': [[65, 7], [36, 2], [30, 5], [78, 7], [63, 2], [72, 3]], 'npc1': [[12, 4], [47, 8], [37, 7], [44, 4], [35, 5], [69, 4]]}"
42,1,206.08558045420375,"{'npc0': [[65, 7], [36, 2], [30, 5], [78, 7], [63, 2], [72, 3]], 'npc1': [[12, 4], [23, 8], [37, 7], [44, 4], [35, 5], [69, 4]]}"
42,2,206.62455140137965,"{'npc0': [[65, 7], [23, 8], [30, 5], [78, 7], [63, 2], [72, 3]], 'npc1': [[12, 4], [47, 8], [37, 7], [44, 4], [35, 5], [69, 4]]}"
42,3,206.46693363276992,"{'npc0': [[65, 7], [36, 2], [30, 5], [78, 7], [63, 2], [72, 3]], 'npc1': [[12, 4], [36, 2], [37, 7], [44, 4], [35, 5], [69, 4]]}"
42,4,206.04115003077203,"{'npc0': [[65, 7], [36, 2], [30, 5], [78, 7], [63, 2], [72, 3]], 'npc1': [[12, 4], [47, 8], [37, 7], [44, 4], [35, 5], [69, 4]]}"
42,5,65.82099206965434,"{'npc0': [[34, 7], [41, 4], [84, 2], [43, 1], [74, 4], [7, 5]], 'npc1': [[61, 3], [64, 4], [11, 3], [50, 1], [59, 1], [19, 7]]}"
42,6,64.01482829704196,"{'npc0': [[53, 2], [77, 3], [61, 4], [71, 2], [73, 2], [20, 8]], 'npc1': [[81, 3], [49, 5], [15, 3], [74, 8], [46, 5], [23, 8]]}"
42,7,102.87752849815487,"{'npc0': [[67, 5], [47, 1], [49, 2], [44, 4], [14, 4], [40, 6]], 'npc1': [[64, 6], [18, 5], [89, 2], [27, 5], [24, 5], [70, 6]]}"
43,0,107.5381896092657,"{'npc0': [[5, 2], [13, 6], [73, 6], [55, 7], [81, 7], [61, 5]], 'npc1': [[6, 5], [66, 2], [56, 2], [53, 4], [58, 3], [1, 3]]}"
43,1,102.86653580033781,"{'npc0': [[51, 5], [73, 1], [82, 2], [15, 7], [61, 8], [33, 6]], 'npc1': [[4, 8], [70, 1], [57, 7], [63, 4], [16, 1], [44, 2]]}"
43,2,100.34065656162328,"{'npc0': [[4, 3], [28, 6], [78, 4], [31, 3], [33, 1], [46, 5]], 'npc1': [[35, 6], [83, 2], [69, 2], [65, 8], [65, 3], [37, 5]]}"
43,3,61.641602285104206,"{'npc0': [[8, 3], [67, 6], [23, 3], [30, 4], [86, 2], [76, 5]], 'npc1': [[66, 4], [22, 7], [37, 1], [48, 3], [49, 1], [49, 2]]}"
43,4,103.35893318130246,"{'npc0': [[64, 2], [81, 8], [26, 7], [83, 1], [2, 4], [30, 3]], 'npc1': [[70, 5], [66, 2], [43, 8], [65, 7], [84, 2], [66, 5]]}"
43,5,54.27642722204074,"{'npc0': [[3, 2], [43, 7], [69, 4], [80, 2], [77, 3], [89, 7]], 'npc1': [[69, 2], [51, 5], [39, 2], [13, 2], [68, 5], [72, 1]]}"
43,6,59.874132214517104,"{'npc0': [[52, 2], [21, 2], [84, 6], [71, 2], [42, 3], [41, 3]], 'npc1': [[46, 1], [34, 2], [43, 6], [55, 1], [40, 7], [57, 8]]}"
43,7,62.04364001199939,"{'npc0': [[49, 8], [41, 7], [82, 1], [71, 8], [33, 6], [22, 8]], 'npc1': [[23, 8], [26, 1], [65, 2], [16, 6], [87, 3], [51, 6]]}"
44,0,104.50421161562629,"{'npc0': [[5, 2], [13, 6], [73, 6], [55, 7], [81, 7], [61, 5]], 'npc1': [[6, 5], [66, 2], [56, 2], [53, 4], [58, 3], [1, 3]]}"
44,1,208.68709184281627,"{'npc0': [[64, 2], [81, 8], [26, 7], [83, 1], [2, 4], [30, 3]], 'npc1': [[70, 5], [66, 2], [43, 8], [65, 7], [84, 2], [66, 5]]}"
44,2,205.1336205408028,"{'npc0': [[5, 2], [13, 6], [73, 6], [55, 7], [81, 7], [61, 5]], 'npc1': [[6, 5], [81, 8], [56, 2], [53, 4], [58, 3], [1, 3]]}"
44,3,68.74517195722248,"{'npc0': [[64, 2], [66, 2], [26, 7], [83, 1], [2, 4], [30, 3]], 'npc1': [[70, 5], [66, 2], [43, 8], [88, 7], [84, 2], [66, 5]]}"
44,4,103.35893318130246,"{'npc0': [[64, 2], [81, 8], [26, 7], [83, 1], [2, 4], [30, 3]], 'npc1': [[70, 5], [66, 2], [43, 8], [65, 7], [84, 2], [66, 5]]}"
44,5,54.27642722204074,"{'npc0': [[3, 2], [43, 7], [69, 4], [80, 2], [77, 3], [89, 7]], 'npc1': [[69, 2], [51, 5], [39, 2], [13, 2], [68, 5], [72, 1]]}"
44,6,59.874132214517104,"{'npc0': [[52, 2], [21, 2], [84, 6], [71, 2], [42, 3], [41, 3]], 'npc1': [[46, 1], [34, 2], [43, 6], [55, 1], [40, 7], [57, 8]]}"
44,7,62.04364001199939,"{'npc0': [[49, 8], [41, 7], [82, 1], [71, 8], [33, 6], [22, 8]], 'npc1': [[23, 8], [26, 1], [65, 2], [16, 6], [87, 3], [51, 6]]}"
45,0,207.42578390104592,"{'npc0': [[5, 2], [13, 6], [73, 6], [55, 7], [81, 7], [61, 5]], 'npc1': [[6, 5], [66, 2], [56, 2], [53, 4], [58, 3], [1, 3]]}"
45,1,208.15489939981245,"{'npc0': [[64, 2], [81, 8], [26, 7], [83, 1], [2, 4], [30, 3]], 'npc1': [[70, 5], [66, 2], [43, 8], [65, 7], [84, 2], [66, 5]]}"
45,2,207.02422127674072,"{'npc0': [[5, 2], [13, 6], [73, 6], [55, 7], [81, 7], [61, 5]], 'npc1': [[6, 5], [81, 8], [56, 2], [53, 4], [58, 3], [1, 3]]}"
45,3,103.29954731894998,"{'npc0': [[64, 2], [66, 2], [26, 7], [83, 1], [2, 4], [30, 3]], 'npc1': [[70, 5], [66, 2], [43, 8], [88, 7], [84, 2], [66, 5]]}"
45,4,103.35893318130246,"{'npc0': [[64, 2], [81, 8], [26, 7], [83, 1], [2, 4], [30, 3]], 'npc1': [[70, 5], [66, 2], [43, 8], [65, 7], [84, 2], [66, 5]]}"
45,5,54.27642722204074,"{'npc0': [[3, 2], [43, 7], [69, 4], [80, 2], [77, 3], [89, 7]], 'npc1': [[69, 2], [51, 5], [39, 2], [13, 2], [68, 5], [72, 1]]}"
45,6,59.874132214517104,"{'npc0': [[52, 2], [21, 2], [84, 6], [71, 2], [42, 3], [41, 3]], 'npc1': [[46, 1], [34, 2], [43, 6], [55, 1], [40, 7], [57, 8]]}"
45,7,62.04364001199939,"{'npc0': [[49, 8], [41, 7], [82, 1], [71, 8], [33, 6], [22, 8]], 'npc1': [[23, 8], [26, 1], [65, 2], [16, 6], [87, 3], [51, 6]]}"
46,0,202.3508623275157,"{'npc0': [[64, 2], [81, 8], [26, 7], [83, 1], [2, 4], [30, 3]], 'npc1': [[70, 5], [66, 2], [43, 8], [65, 7], [84, 2], [66, 5]]}"
46,1,203.9626738047157,"{'npc0': [[5, 2], [13, 6], [73, 6], [55, 7], [81, 7], [61, 5]], 'npc1': [[6, 5], [66, 2], [56, 2], [53, 4], [58, 3], [1, 3]]}"
46,2,66.17830771242463,"{'npc0': [[64, 2], [81, 1], [26, 7], [83, 1], [2, 4], [30, 3]], 'npc1': [[70, 5], [66, 2], [56, 2], [65, 7], [84, 2], [66, 5]]}"
46,3,102.90067922029739,"{'npc0': [[5, 2], [13, 6], [73, 6], [55, 7], [81, 7], [61, 5]], 'npc1': [[6, 5], [66, 2], [43, 8], [53, 4], [58, 3], [1, 3]]}"
46,4,103.35893318130246,"{'npc0': [[64, 2], [81, 8], [26, 7], [83, 1], [2, 4], [30, 3]], 'npc1': [[70, 5], [66, 2], [43, 8], [65, 7], [84, 2], [66, 5]]}"
46,5,54.27642722204074,"{'npc0': [[3, 2], [43, 7], [69, 4], [80, 2], [77, 3], [89, 7]], 'npc1': [[69, 2], [51, 5], [39, 2], [13, 2], [68, 5], [72, 1]]}"
46,6,59.874132214517104,"{'npc0': [[52, 2], [21, 2], [84, 6], [71, 2], [42, 3], [41, 3]], 'npc1': [[46, 1], [34, 2], [43, 6], [55, 1], [40, 7], [57, 8]]}"
46,7,62.04364001199939,"{'npc0': [[49, 8], [41, 7], [82, 1], [71, 8], [33, 6], [22, 8]], 'npc1': [[23, 8], [26, 1], [65, 2], [16, 6], [87, 3], [51, 6]]}"
47,0,106.37369902863108,"{'npc0': [[5, 2], [13, 6], [73, 6], [54, 7], [81, 7], [61, 5]], 'npc1': [[6, 5], [14, 2], [56, 2], [53, 4], [58, 3], [1, 3]]}"
47,1,108.24543071753534,"{'npc0': [[64, 2], [81, 8], [26, 7], [83, 1], [2, 4], [30, 3]], 'npc1': [[70, 5], [66, 2], [43, 8], [65, 7], [84, 2], [66, 5]]}"
47,2,104.74986465537573,"{'npc0': [[5, 2], [13, 6], [73, 6], [55, 7], [81, 7], [30, 3]], 'npc1': [[6, 5], [66, 2], [56, 2], [53, 4], [58, 3], [1, 3]]}"
47,3,201.78409398096534,"{'npc0': [[64, 2], [81, 8], [26, 7], [83, 1], [2, 4], [22, 5]], 'npc1': [[70, 5], [66, 2], [43, 8], [65, 7], [84, 2], [66, 5]]}"
47,4,103.35893318130246,"{'npc0': [[64, 2], [81, 8], [26, 7], [83, 1], [2, 4], [30, 3]], 'npc1': [[70, 5], [66, 2], [43, 8], [65, 7], [84, 2], [66, 5]]}"
47,5,54.27642722204074,"{'npc0': [[3, 2], [43, 7], [69, 4], [80, 2], [77, 3], [89, 7]], 'npc1': [[69, 2], [51, 5], [39, 2], [13, 2], [68, 5], [72, 1]]}"
47,6,59.874132214517104,"{'npc0': [[52, 2], [21, 2], [84, 6], [71, 2], [42, 3], [41, 3]], 'npc1': [[46, 1], [34, 2], [43, 6], [55, 1], [40, 7], [57, 8]]}"
47,7,62.04364001199939,"{'npc0': [[49, 8], [41, 7], [82, 1], [71, 8], [33, 6], [22, 8]], 'npc1': [[23, 8], [26, 1], [65, 2], [16, 6], [87, 3], [51, 6]]}"
48,0,211.68731330453775,"{'npc0': [[64, 2], [81, 8], [26, 7], [83, 1], [2, 4], [3, 5]], 'npc1': [[10, 5], [66, 2], [43, 8], [65, 7], [84, 2], [66, 5]]}"
48,1,65.38479060105851,"{'npc0': [[64, 2], [81, 8], [26, 7], [83, 1], [2, 4], [30, 2]], 'npc1': [[70, 5], [66, 2], [43, 8], [65, 7], [84, 2], [66, 5]]}"
48,2,66.74213256296079,"{'npc0': [[64, 2], [81, 8], [43, 8], [11, 1], [2, 4], [22, 5]], 'npc1': [[70, 5], [66, 2], [43, 8], [23, 7], [84, 2], [66, 5]]}"
48,3,66.81514557351731,"{'npc0': [[64, 2], [81, 8], [26, 7], [83, 1], [2, 4], [30, 3]], 'npc1': [[70, 5], [66, 2], [26, 7], [65, 7], [84, 2], [66, 5]]}"
48,4,103.35893318130246,"{'npc0': [[64, 2], [81, 8], [26, 7], [83, 1], [2, 4], [30, 3]], 'npc1': [[70, 5], [66, 2], [43, 8], [65, 7], [84, 2], [66, 5]]}"
48,5,54.27642722204074,"{'npc0': [[3, 2], [43, 7], [69, 4], [80, 2], [77, 3], [89, 7]], 'npc1': [[69, 2], [51, 5], [39, 2], [13, 2], [68, 5], [72, 1]]}"
48,6,59.874132214517104,"{'npc0': [[52, 2], [21, 2], [84, 6], [71, 2], [42, 3], [41, 3]], 'npc1': [[46, 1], [34, 2], [43, 6], [55, 1], [40, 7], [57, 8]]}"
48,7,62.04364001199939,"{'npc0': [[49, 8], [41, 7], [82, 1], [71, 8], [33, 6], [22, 8]], 'npc1': [[23, 8], [26, 1], [65, 2], [16, 6], [87, 3], [51, 6]]}"
49,0,202.9066584072005,"{'npc0': [[64, 2], [81, 8], [26, 7], [83, 1], [2, 4], [34, 5]], 'npc1': [[10, 5], [66, 2], [43, 8], [65, 7], [63, 2], [66, 5]]}"
49,1,67.41336059814175,"{'npc0': [[64, 2], [81, 8], [26, 7], [83, 1], [2, 4], [30, 3]], 'npc1': [[70, 5], [66, 2], [43, 8], [65, 6], [84, 2], [66, 5]]}"
49,2,67.3075326569941,"{'npc0': [[64, 2], [81, 8], [26, 7], [83, 2], [2, 4], [3, 5]], 'npc1': [[44, 5], [66, 2], [43, 8], [65, 7], [84, 2], [66, 5]]}"
49,3,65.51818009568125,"{'npc0': [[64, 2], [81, 8], [59, 7], [83, 1], [2, 4], [30, 3]], 'npc1': [[70, 5], [56, 2], [43, 8], [65, 7], [84, 2], [66, 5]]}"
50,0,102.88079591201549,"{'npc0': [[1, 3], [89, 4], [62, 7], [89, 7], [12, 6], [67, 4]], 'npc1': [[66, 6], [57, 7], [28, 1], [42, 3], [71, 1], [45, 3]]}"
50,1,203.10679264069125,"{'npc0': [[38, 5], [53, 1], [28, 4], [70, 4], [41, 8], [88, 4]], 'npc1': [[48, 3], [65, 3], [21, 7], [44, 5], [25, 8], [27, 5]]}"
50,2,102.86513712976156,"{'npc0': [[61, 6], [8, 2], [31, 5], [32, 6], [87, 6], [0, 5]], 'npc1': [[29, 8], [80, 3], [37, 1], [30, 2], [64, 2], [17, 2]]}"
50,3,102.9060707472394,"{'npc0': [[20, 5], [57, 2], [45, 6], [17, 3], [81, 3], [26, 4]], 'npc1': [[20, 5], [57, 7], [85, 3], [15, 8], [52, 4], [6, 3]]}"
50,4,101.3060143041109,"{'npc0': [[67, 7], [18, 7], [80, 4], [77, 5], [17, 3], [87, 8]], 'npc1': [[20, 2], [19, 8], [7, 7], [23, 4], [53, 8], [23, 2]]}"
50,5,103.86118659045606,"{'npc0': [[5, 6], [84, 5], [24, 5], [2, 7], [85, 5], [62, 4]], 'npc1': [[46, 4], [26, 2], [71, 3], [47, 8], [24, 7], [19, 7]]}"
50,6,62.2562076475209,"{'npc0': [[34, 2], [52, 8], [32, 6], [41, 4], [86, 1], [4, 5]], 'npc1': [[63, 3], [30, 7], [43, 3], [19, 3], [59, 4], [75, 4]]}"
50,7,60.43843285670346,"{'npc0': [[42, 3], [33, 3], [53, 1], [21, 4], [27, 5], [66, 1]], 'npc1': [[15, 4], [2, 6], [6, 4], [69, 1], [68, 8], [34, 6]]}"
51,0,203.72274576480322,"{'npc0': [[64, 2], [52, 8], [26, 7], [83, 1], [2, 4], [3, 5]], 'npc1': [[10, 5], [66, 2], [43, 8], [65, 7], [84, 3], [66, 5]]}"
51,1,103.3462985082285,"{'npc0': [[64, 2], [52, 8], [26, 7], [83, 1], [2, 4], [3, 5]], 'npc1': [[10, 5], [66, 2], [43, 8], [65, 7], [84, 3], [66, 5]]}"
51,2,102.55020139019729,"{'npc0': [[64, 2], [81, 8], [26, 7], [83, 1], [2, 4], [8, 5]], 'npc1': [[10, 5], [66, 2], [43, 7], [65, 7], [84, 3], [66, 5]]}"
51,3,65.9346387342514,"{'npc0': [[64, 2], [81, 8], [26, 7], [83, 1], [2, 4], [8, 5]], 'npc1': [[10, 5], [66, 2], [43, 7], [65, 7], [84, 3], [66, 5]]}"
51,4,202.44339216528425,"{'npc0': [[80, 5], [3, 4], [69, 5], [23, 7], [36, 7], [17, 8]], 'npc1': [[54, 3], [49, 5], [46, 3], [66, 3], [36, 7], [89, 3]]}"
52,0,202.18944094578643,"{'npc0': [[64, 2], [52, 8], [26, 7], [83, 1], [2, 4], [3, 5]], 'npc1': [[10, 5], [66, 2], [43, 8], [65, 7], [84, 3], [66, 5]]}"
52,1,107.12223320937422,"{'npc0': [[64, 2], [52, 8], [26, 7], [83, 1], [2, 4], [3, 5]], 'npc1': [[10, 5], [66, 2], [43, 8], [65, 7], [84, 3], [66, 5]]}"
52,2,63.40338269180415,"{'npc0': [[64, 2], [81, 8], [26, 7], [83, 1], [2, 4], [8, 5]], 'npc1': [[10, 5], [66, 2], [43, 7], [65, 7], [84, 3], [66, 5]]}"
52,3,63.67027534968088,"{'npc0': [[64, 2], [81, 8], [26, 7], [83, 1], [2, 4], [8, 5]], 'npc1': [[10, 5], [66, 2], [43, 7], [65, 7], [84, 3], [66, 5]]}"
52,4,201.9734023434234,"{'npc0': [[80, 5], [3, 4], [69, 5], [23, 7], [36, 7], [17, 8]], 'npc1': [[54, 3], [49, 5], [46, 3], [66, 3], [36, 7], [89, 3]]}"
53,0,64.64687925781585,"{'npc0': [[64, 2], [52, 8], [26, 6], [83, 1], [2, 4], [3, 5]], 'npc1': [[10, 5], [66, 2], [43, 8], [65, 8], [84, 3], [66, 5]]}"
53,1,201.5085343707464,"{'npc0': [[80, 5], [3, 4], [69, 5], [23, 7], [36, 7], [17, 8]], 'npc1': [[54, 3], [49, 5], [46, 3], [66, 3], [36, 7], [89, 3]]}"
53,2,66.72005611120207,"{'npc0': [[64, 2], [52, 8], [26, 7], [83, 1], [2, 4], [3, 5]], 'npc1': [[80, 5], [66, 2], [43, 8], [65, 7], [84, 3], [66, 5]]}"
53,3,65.22196373398415,"{'npc0': [[10, 5], [3, 4], [69, 5], [23, 7], [36, 7], [17, 8]], 'npc1': [[54, 3], [49, 5], [46, 3], [66, 3], [36, 7], [89, 3]]}"
53,4,201.9734023434234,"{'npc0': [[80, 5], [3, 4], [69, 5], [23, 7], [36, 7], [17, 8]], 'npc1': [[54, 3], [49, 5], [46, 3], [66, 3], [36, 7], [89, 3]]}"
54,0,106.78950024831697,"{'npc0': [[80, 5], [3, 4], [69, 5], [82, 7], [36, 7], [17, 8]], 'npc1': [[54, 3], [49, 5], [46, 3], [66, 3], [36, 7], [81, 3]]}"
54,1,75.32009160063288,"{'npc0': [[80, 5], [3, 4], [69, 5], [23, 7], [36, 7], [46, 8]], 'npc1': [[54, 4], [49, 5], [46, 3], [66, 3], [36, 7], [89, 3]]}"
54,2,202.40218222650003,"{'npc0': [[80, 5], [3, 4], [69, 5], [23, 7], [36, 7], [17, 8]], 'npc1': [[54, 3], [49, 5], [46, 3], [23, 7], [36, 7], [89, 3]]}"
54,3,202.37189093816266,"{'npc0': [[80, 5], [3, 4], [69, 5], [66, 3], [36, 7], [17, 8]], 'npc1': [[54, 3], [49, 5], [46, 3], [66, 3], [36, 7], [89, 2]]}"
54,4,201.9734023434234,"{'npc0': [[80, 5], [3, 4], [69, 5], [23, 7], [36, 7], [17, 8]], 'npc1': [[54, 3], [49, 5], [46, 3], [66, 3], [36, 7], [89, 3]]}"
55,0,107.47987800705512,"{'npc0': [[34, 2], [78, 4], [25, 2], [53, 2], [0, 2], [51, 2]], 'npc1': [[49, 2], [19, 6], [69, 3], [3, 4], [73, 2], [6, 5]]}"
55,1,104.23549917600953,"{'npc0': [[25, 6], [50, 7], [17, 4], [25, 1], [57, 2], [60, 8]], 'npc1': [[75, 1], [27, 4], [52, 7], [22, 3], [43, 5], [0, 8]]}"
55,2,100.62529227282921,"{'npc0': [[63, 2], [31, 6], [39, 8], [22, 4], [72, 4], [87, 2]], 'npc1': [[48, 2], [25, 3], [80, 5], [69, 7], [32, 1], [55, 1]]}"
55,3,103.22394509343307,"{'npc0': [[88, 1], [46, 1], [24, 5], [85, 4], [80, 6], [85, 5]], 'npc1': [[19, 6], [49, 6], [33, 6], [51, 4], [73, 5], [42, 2]]}"
55,4,102.6944242336419,"{'npc0': [[18, 6], [59, 6], [15, 5], [67, 2], [12, 5], [34, 7]], 'npc1': [[66, 1], [70, 4], [65, 6], [36, 7], [65, 1], [56, 5]]}"
55,5,63.70371398988061,"{'npc0': [[33, 8], [70, 5], [68, 2], [40, 5], [21, 1], [64, 4]], 'npc1': [[5, 7], [84, 1], [55, 4], [4, 3], [44, 1], [45, 6]]}"
55,6,60.174909844517984,"{'npc0': [[45, 4], [18, 2], [62, 3], [23, 2], [1, 7], [52, 1]], 'npc1': [[66, 3], [50, 5], [84, 3], [45, 1], [89, 5], [43, 1]]}"
55,7,101.0211306588265,"{'npc0': [[67, 4], [57, 2], [28, 1], [17, 6], [75, 4], [56, 5]], 'npc1': [[32, 6], [61, 3], [56, 6], [26, 8], [37, 5], [50, 5]]}"
56,0,107.09396729187328,"{'npc0': [[34, 2], [78, 4], [25, 2], [53, 2], [0, 2], [51, 2]], 'npc1': [[49, 2], [19, 6], [69, 3], [3, 4], [73, 2], [6, 5]]}"
56,1,104.22889334568286,"{'npc0': [[25, 6], [50, 7], [17, 4], [25, 1], [57, 2], [60, 8]], 'npc1': [[75, 1], [41, 4], [52, 7], [22, 3], [43, 5], [0, 8]]}"
56,2,102.95404345815565,"{'npc0': [[34, 2], [78, 4], [25, 2], [53, 2], [0, 2], [47, 2]], 'npc1': [[53, 2], [19, 6], [69, 3], [3, 4], [73, 2], [6, 5]]}"
56,3,101.51590670130541,"{'npc0': [[44, 6], [50, 7], [17, 4], [25, 1], [57, 2], [60, 8]], 'npc1': [[75, 1], [27, 4], [52, 8], [22, 3], [43, 5], [0, 8]]}"
56,4,102.6944242336419,"{'npc0': [[18, 6], [59, 6], [15, 5], [67, 2], [12, 5], [34, 7]], 'npc1': [[66, 1], [70, 4], [65, 6], [36, 7], [65, 1], [56, 5]]}"
56,5,63.70371398988061,"{'npc0': [[33, 8], [70, 5], [68, 2], [40, 5], [21, 1], [64, 4]], 'npc1': [[5, 7], [84, 1], [55, 4], [4, 3], [44, 1], [45, 6]]}"
56,6,60.174909844517984,"{'npc0': [[45, 4], [18, 2], [62, 3], [23, 2], [1, 7], [52, 1]], 'npc1': [[66, 3], [50, 5], [84, 3], [45, 1], [89, 5], [43, 1]]}"
56,7,101.0211306588265,"{'npc0': [[67, 4], [57, 2], [28, 1], [17, 6], [75, 4], [56, 5]], 'npc1': [[32, 6], [61, 3], [56, 6], [26, 8], [37, 5], [50, 5]]}"
57,0,107.69539273880997,"{'npc0': [[34, 2], [78, 4], [25, 2], [53, 2], [0, 2], [51, 2]], 'npc1': [[49, 2], [19, 6], [69, 3], [3, 4], [73, 2], [6, 5]]}"
57,1,203.38695736429014,"{'npc0': [[25, 6], [50, 7], [17, 4], [25, 1], [57, 2], [60, 8]], 'npc1': [[75, 1], [41, 4], [52, 7], [22, 3], [43, 5], [0, 8]]}"
57,2,62.41467045616854,"{'npc0': [[34, 2], [78, 4], [52, 7], [73, 2], [0, 2], [51, 2]], 'npc1': [[49, 2], [19, 6], [69, 3], [3, 4], [73, 2], [6, 5]]}"
57,3,100.96787774728729,"{'npc0': [[25, 6], [50, 7], [17, 4], [25, 1], [25, 2], [60, 8]], 'npc1': [[75, 1], [41, 4], [25, 2], [22, 3], [43, 5], [0, 8]]}"
57,4,102.6944242336419,"{'npc0': [[18, 6], [59, 6], [15, 5], [67, 2], [12, 5], [34, 7]], 'npc1': [[66, 1], [70, 4], [65, 6], [36, 7], [65, 1], [56, 5]]}"
57,5,63.70371398988061,"{'npc0': [[33, 8], [70, 5], [68, 2], [40, 5], [21, 1], [64, 4]], 'npc1': [[5, 7], [84, 1], [55, 4], [4, 3], [44, 1], [45, 6]]}"
57,6,60.174909844517984,"{'npc0': [[45, 4], [18, 2], [62, 3], [23, 2], [1, 7], [52, 1]], 'npc1': [[66, 3], [50, 5], [84, 3], [45, 1], [89, 5], [43, 1]]}"
57,7,101.0211306588265,"{'npc0': [[67, 4], [57, 2], [28, 1], [17, 6], [75, 4], [56, 5]], 'npc1': [[32, 6], [61, 3], [56, 6], [26, 8], [37, 5], [50, 5]]}"
58,0,207.48936992809357,"{'npc0': [[25, 6], [50, 7], [17, 4], [25, 1], [57, 2], [60, 8]], 'npc1': [[75, 1], [41, 4], [52, 7], [22, 3], [43, 5], [0, 8]]}"
58,1,63.06049813391071,"{'npc0': [[34, 2], [19, 4], [25, 2], [53, 2], [0, 2], [51, 2]], 'npc1': [[49, 2], [19, 7], [69, 3], [3, 4], [73, 2], [6, 5]]}"
58,2,101.25047374007488,"{'npc0': [[25, 6], [50, 7], [17, 4], [25, 1], [57, 2], [60, 8]], 'npc1': [[72, 1], [41, 4], [25, 2], [3, 4], [43, 5], [0, 8]]}"
58,3,57.02062827129926,"{'npc0': [[34, 2], [78, 4], [52, 8], [53, 2], [0, 2], [51, 2]], 'npc1': [[49, 2], [19, 6], [13, 3], [22, 3], [73, 2], [6, 5]]}"
59,0,106.7700403047284,"{'npc0': [[34, 2], [78, 4], [25, 2], [53, 2], [0, 2], [51, 2]], 'npc1': [[49, 2], [19, 6], [69, 3], [3, 4], [73, 3], [6, 5]]}"
59,1,63.1015320761202,"{'npc0': [[34, 2], [78, 4], [25, 2], [53, 2], [0, 2], [51, 2]], 'npc1': [[49, 2], [19, 6], [69, 3], [3, 4], [73, 3], [6, 5]]}"
59,2,58.164822186332366,"{'npc0': [[34, 2], [78, 4], [25, 2], [53, 2], [0, 2], [51, 2]], 'npc1': [[49, 2], [19, 6], [69, 3], [3, 4], [73, 1], [6, 5]]}"
59,3,57.37730752502536,"{'npc0': [[34, 2], [78, 4], [25, 2], [53, 2], [0, 2], [51, 2]], 'npc1': [[49, 2], [19, 6], [69, 3], [3, 4], [73, 1], [6, 5]]}"
59,4,202.52879489699228,"{'npc0': [[80, 5], [3, 4], [69, 5], [23, 7], [36, 7], [17, 8]], 'npc1': [[54, 3], [49, 5], [46, 3], [66, 3], [36, 7], [89, 3]]}"
60,0,102.6225203270455,"{'npc0': [[80, 5], [3, 4], [69, 5], [23, 7], [36, 7], [17, 8]], 'npc1': [[54, 3], [49, 5], [46, 3], [66, 3], [36, 7], [89, 3]]}"
60,1,65.09450377634947,"{'npc0': [[34, 2], [78, 4], [25, 2], [53, 2], [0, 2], [51, 2]], 'npc1': [[49, 2], [19, 6], [69, 3], [3, 4], [73, 3], [6, 5]]}"
60,2,202.38894394838024,"{'npc0': [[80, 5], [3, 4], [69, 5], [23, 7], [36, 7], [17, 8]], 'npc1': [[54, 3], [78, 4], [46, 3], [66, 3], [36, 7], [51, 2]]}"
60,3,57.509689730671084,"{'npc0': [[34, 2], [49, 5], [25, 2], [53, 2], [0, 2], [57, 3]], 'npc1': [[49, 2], [19, 6], [69, 3], [3, 4], [73, 3], [6, 5]]}"
60,4,202.52879489699228,"{'npc0': [[80, 5], [3, 4], [69, 5], [23, 7], [36, 7], [17, 8]], 'npc1': [[54, 3], [49, 5], [46, 3], [66, 3], [36, 7], [89, 3]]}"
61,0,203.90283552755835,"{'npc0': [[80, 5], [3, 4], [69, 5], [23, 7], [36, 7], [17, 8]], 'npc1': [[54, 3], [49, 5], [46, 3], [66, 3], [36, 7], [89, 3]]}"
61,1,202.06922583980554,"{'npc0': [[80, 5], [3, 4], [69, 5], [23, 7], [36, 7], [17, 8]], 'npc1': [[54, 3], [78, 4], [46, 3], [66, 3], [36, 7], [51, 2]]}"
61,2,108.41490258449228,"{'npc0': [[29, 5], [3, 4], [69, 5], [23, 7], [36, 7], [17, 8]], 'npc1': [[54, 3], [49, 5], [46, 3], [66, 3], [36, 7], [89, 3]]}"
61,3,201.4739551033294,"{'npc0': [[80, 5], [3, 4], [69, 5], [23, 7], [36, 7], [17, 8]], 'npc1': [[54, 3], [78, 4], [46, 3], [66, 3], [36, 7], [51, 2]]}"
61,4,202.52879489699228,"{'npc0': [[80, 5], [3, 4], [69, 5], [23, 7], [36, 7], [17, 8]], 'npc1': [[54, 3], [49, 5], [46, 3], [66, 3], [36, 7], [89, 3]]}"
62,0,62.344636563301535,"{'npc0': [[80, 5], [3, 4], [69, 5], [23, 7], [40, 7], [17, 8]], 'npc1': [[54, 3], [49, 5], [46, 3], [66, 3], [36, 7], [89, 3]]}"
62,1,202.1070362957302,"{'npc0': [[80, 5], [3, 4], [69, 5], [23, 7], [36, 7], [17, 8]], 'npc1': [[54, 3], [49, 5], [46, 3], [66, 3], [36, 7], [89, 3]]}"
62,2,202.5331949849908,"{'npc0': [[80, 5], [3, 4], [69, 5], [23, 7], [36, 8], [89, 3]], 'npc1': [[54, 3], [49, 5], [46, 3], [66, 4], [36, 7], [89, 3]]}"
62,3,202.02282643505538,"{'npc0': [[80, 5], [3, 4], [69, 5], [23, 7], [36, 7], [17, 1]], 'npc1': [[54, 3], [49, 5], [65, 3], [66, 3], [36, 7], [17, 8]]}"
63,0,102.8811353436783,"{'npc0': [[84, 5], [15, 4], [17, 5], [34, 5], [47, 1], [9, 7]], 'npc1': [[62, 6], [0, 2], [80, 3], [53, 5], [71, 1], [51, 8]]}"
63,1,101.73389214992419,"{'npc0': [[62, 3], [40, 2], [12, 4], [17, 4], [66, 8], [64, 6]], 'npc1': [[6, 4], [67, 4], [77, 2], [63, 4], [28, 6], [39, 4]]}"
63,2,202.26686675754098,"{'npc0': [[27, 2], [19, 7], [77, 2], [64, 4], [88, 4], [2, 8]], 'npc1': [[88, 1], [18, 1], [27, 8], [32, 5], [48, 3], [83, 4]]}"
63,3,203.7470523039056,"{'npc0': [[50, 7], [6, 7], [36, 7], [18, 1], [67, 6], [53, 6]], 'npc1': [[19, 3], [84, 8], [51, 4], [16, 6], [87, 6], [4, 2]]}"
63,4,64.2103761458871,"{'npc0': [[66, 2], [39, 7], [56, 8], [3, 3], [32, 3], [35, 6]], 'npc1': [[64, 1], [43, 3], [73, 1], [65, 6], [23, 2], [60, 6]]}"
63,5,55.47258005559722,"{'npc0': [[86, 1], [62, 4], [0, 5], [62, 3], [40, 8], [82, 1]], 'npc1': [[17, 1], [87, 7], [28, 1], [38, 2], [39, 5], [47, 1]]}"
63,6,202.74436630132038,"{'npc0': [[46, 5], [49, 8], [87, 8], [53, 1], [27, 1], [78, 5]], 'npc1': [[50, 4], [84, 2], [11, 5], [33, 4], [34, 8], [30, 3]]}"
63,7,102.48632891945724,"{'npc0': [[32, 6], [26, 8], [67, 1], [6, 5], [38, 3], [56, 4]], 'npc1': [[31, 1], [75, 1], [69, 4], [63, 1], [35, 8], [30, 5]]}"
64,0,102.57540071162836,"{'npc0': [[88, 5], [3, 4], [69, 5], [23, 7], [36, 7], [17, 8]], 'npc1': [[54, 3], [49, 5], [46, 3], [66, 3], [36, 7], [89, 3]]}"
64,1,202.01653315356418,"{'npc0': [[88, 5], [3, 4], [69, 5], [23, 7], [36, 7], [17, 8]], 'npc1': [[54, 3], [49, 5], [46, 3], [66, 3], [36, 7], [89, 3]]}"
64,2,201.10867559845417,"{'npc0': [[80, 5], [3, 4], [69, 5], [23, 7], [36, 7], [17, 8]], 'npc1': [[54, 3], [49, 5], [43, 3], [66, 3], [36, 7], [89, 3]]}"
64,3,202.14045537874745,"{'npc0': [[80, 5], [3, 4], [69, 5], [23, 7], [36, 7], [17, 8]], 'npc1': [[54, 3], [49, 5], [43, 3], [66, 3], [36, 7], [89, 3]]}"
64,4,202.50855771327608,"{'npc0': [[80, 5], [3, 4], [69, 5], [23, 7], [36, 7], [17, 8]], 'npc1': [[54, 3], [49, 5], [46, 3], [66, 3], [36, 7], [89, 3]]}"
65,0,112.76627180936697,"{'npc0': [[80, 5], [3, 4], [69, 5], [23, 7], [36, 7], [17, 8]], 'npc1': [[54, 3], [49, 5], [46, 3], [66, 3], [36, 7], [89, 3]]}"
65,1,201.96748247294403,"{'npc0': [[80, 5], [3, 4], [69, 5], [23, 8], [36, 7], [17, 8]], 'npc1': [[54, 3], [49, 5], [43, 3], [66, 3], [36, 7], [30, 3]]}"
65,2,201.60539988206796,"{'npc0': [[80, 5], [3, 4], [69, 5], [66, 3], [36, 7], [17, 8]], 'npc1': [[54, 4], [49, 5], [46, 3], [66, 3], [36, 7], [89, 3]]}"
65,3,202.04419388616822,"{'npc0': [[80, 5], [3, 4], [69, 5], [23, 7], [36, 7], [17, 8]], 'npc1': [[54, 3], [49, 5], [43, 3], [23, 7], [36, 7], [89, 3]]}"
65,4,202.50855771327608,"{'npc0': [[80, 5], [3, 4], [69, 5], [23, 7], [36, 7], [17, 8]], 'npc1': [[54, 3], [49, 5], [46, 3], [66, 3], [36, 7], [89, 3]]}"
66,0,110.30518438575639,"{'npc0': [[80, 5], [3, 4], [69, 5], [23, 7], [44, 7], [17, 8]], 'npc1': [[54, 3], [49, 5], [46, 3], [66, 3], [36, 7], [89, 3]]}"
66,1,202.23995778294164,"{'npc0': [[80, 5], [3, 4], [69, 6], [23, 7], [36, 7], [17, 8]], 'npc1': [[54, 3], [49, 5], [43, 3], [9, 7], [36, 7], [89, 3]]}"
66,2,202.2434455835755,"{'npc0': [[80, 5], [3, 4], [69, 5], [23, 7], [36, 7], [17, 8]], 'npc1': [[54, 3], [49, 5], [46, 3], [66, 3], [36, 7], [89, 3]]}"
66,3,202.5489426338973,"{'npc0': [[80, 5], [3, 4], [69, 5], [23, 7], [36, 7], [77, 8]], 'npc1': [[54, 3], [49, 4], [43, 3], [23, 7], [36, 7], [89, 3]]}"
66,4,202.50855771327608,"{'npc0': [[80, 5], [3, 4], [69, 5], [23, 7], [36, 7], [17, 8]], 'npc1': [[54, 3], [49, 5], [46, 3], [66, 3], [36, 7], [89, 3]]}"
67,0,101.54356769956875,"{'npc0': [[80, 5], [3, 4], [69, 5], [23, 7], [36, 7], [77, 8]], 'npc1': [[54, 3], [49, 4], [43, 3], [23, 7], [36, 7], [89, 3]]}"
67,1,202.09260268028322,"{'npc0': [[80, 5], [3, 4], [69, 5], [23, 7], [36, 7], [17, 8]], 'npc1': [[54, 3], [49, 5], [46, 3], [66, 3], [36, 7], [89, 3]]}"
67,2,202.40282951766437,"{'npc0': [[80, 5], [3, 4], [69, 5], [23, 7], [73, 7], [89, 3]], 'npc1': [[54, 3], [49, 5], [43, 3], [23, 7], [36, 7], [84, 3]]}"
67,3,107.75063543171277,"{'npc0': [[80, 5], [3, 5], [69, 5], [23, 7], [36, 7], [17, 8]], 'npc1': [[54, 3], [49, 4], [61, 3], [66, 3], [36, 7], [77, 8]]}"
67,4,202.50855771327608,"{'npc0': [[80, 5], [3, 4], [69, 5], [23, 7], [36, 7], [17, 8]], 'npc1': [[54, 3], [49, 5], [46, 3], [66, 3], [36, 7], [89, 3]]}"
68,0,102.86510624313496,"{'npc0': [[8, 8], [86, 6], [63, 1], [30, 3], [20, 2], [71, 5]], 'npc1': [[87, 6], [33, 7], [61, 6], [82, 1], [20, 4], [46, 4]]}"
68,1,206.06060298963456,"{'npc0': [[67, 1], [54, 3], [87, 4], [61, 1], [21, 5], [77, 6]], 'npc1': [[56, 5], [7, 7], [60, 2], [31, 4], [60, 2], [53, 8]]}"
68,2,101.25708131035474,"{'npc0': [[89, 4], [0, 5], [47, 1], [50, 4], [37, 7], [60, 6]], 'npc1': [[41, 6], [81, 8], [76, 3], [8, 4], [57, 6], [63, 3]]}"
68,3,205.64612760218142,"{'npc0': [[52, 7], [56, 5], [78, 4], [38, 6], [32, 3], [34, 8]], 'npc1': [[19, 4], [78, 5], [87, 5], [74, 6], [61, 3], [29, 5]]}"
68,4,111.75518142715642,"{'npc0': [[40, 1], [80, 3], [18, 6], [53, 6], [88, 8], [73, 1]], 'npc1': [[22, 7], [23, 6], [18, 6], [53, 8], [18, 4], [79, 6]]}"
68,5,201.70931040056107,"{'npc0': [[61, 7], [86, 4], [72, 5], [11, 4], [59, 4], [47, 5]], 'npc1': [[52, 7], [46, 1], [24, 7], [6, 4], [41, 2], [17, 6]]}"
68,6,105.99493147422739,"{'npc0': [[73, 3], [77, 5], [11, 7], [45, 6], [48, 4], [60, 7]], 'npc1': [[22, 6], [17, 7], [61, 3], [83, 7], [1, 7], [2, 1]]}"
68,7,101.0275544069201,"{'npc0': [[65, 4], [76, 1], [25, 7], [46, 5], [64, 5], [24, 8]], 'npc1': [[39, 5], [89, 6], [54, 2], [23, 4], [35, 6], [2, 5]]}"
69,0,205.69095145237068,"{'npc0': [[67, 1], [54, 3], [87, 4], [61, 1], [21, 5], [77, 6]], 'npc1': [[56, 5], [7, 7], [60, 2], [31, 4], [60, 2], [53, 8]]}"
69,1,206.19795329571022,"{'npc0': [[52, 7], [56, 5], [78, 4], [38, 6], [32, 3], [34, 8]], 'npc1': [[19, 4], [78, 5], [87, 5], [74, 6], [61, 3], [29, 5]]}"
69,2,103.90027040968053,"{'npc0': [[67, 1], [54, 3], [87, 4], [61, 1], [21, 5], [77, 6]], 'npc1': [[52, 7], [7, 7], [60, 2], [31, 4], [60, 2], [53, 8]]}"
69,3,63.93913704070977,"{'npc0': [[56, 5], [56, 5], [78, 4], [38, 6], [32, 3], [88, 8]], 'npc1': [[19, 4], [78, 5], [70, 5], [74, 6], [61, 3], [29, 5]]}"
69,4,111.75518142715642,"{'npc0': [[40, 1], [80, 3], [18, 6], [53, 6], [88, 8], [73, 1]], 'npc1': [[22, 7], [23, 6], [18, 6], [53, 8], [18, 4], [79, 6]]}"
69,5,201.70931040056107,"{'npc0': [[61, 7], [86, 4], [72, 5], [11, 4], [59, 4], [47, 5]], 'npc1': [[52, 7], [46, 1], [24, 7], [6, 4], [41, 2], [17, 6]]}"
69,6,105.99493147422739,"{'npc0': [[73, 3], [77, 5], [11, 7], [45, 6], [48, 4], [60, 7]], 'npc1': [[22, 6], [17, 7], [61, 3], [83, 7], [1, 7], [2, 1]]}"
69,7,101.0275544069201,"{'npc0': [[65, 4], [76, 1], [25, 7], [46, 5], [64, 5], [24, 8]], 'npc1': [[39, 5], [89, 6], [54, 2], [23, 4], [35, 6], [2, 5]]}"
70,0,204.6216763739626,"{'npc0': [[67, 1], [54, 3], [87, 4], [61, 1], [21, 5], [77, 6]], 'npc1': [[56, 5], [7, 7], [60, 2], [31, 4], [60, 2], [53, 8]]}"
70,1,205.69397872972968,"{'npc0': [[52, 7], [56, 5], [78, 4], [38, 6], [32, 3], [34, 8]], 'npc1': [[19, 4], [78, 5], [87, 5], [74, 6], [61, 3], [29, 5]]}"
70,2,100.96047827493135,"{'npc0': [[67, 1], [54, 3], [87, 4], [61, 1], [21, 5], [77, 6]], 'npc1': [[52, 7], [7, 7], [60, 2], [31, 4], [60, 2], [53, 8]]}"
70,3,64.15066075915045,"{'npc0': [[56, 5], [56, 5], [78, 4], [38, 6], [32, 3], [88, 8]], 'npc1': [[19, 4], [78, 5], [70, 5], [74, 6], [61, 3], [29, 5]]}"
70,4,111.75518142715642,"{'npc0': [[40, 1], [80, 3], [18, 6], [53, 6], [88, 8], [73, 1]], 'npc1': [[22, 7], [23, 6], [18, 6], [53, 8], [18, 4], [79, 6]]}"
70,5,201.70931040056107,"{'npc0': [[61, 7], [86, 4], [72, 5], [11, 4], [59, 4], [47, 5]], 'npc1': [[52, 7], [46, 1], [24, 7], [6, 4], [41, 2], [17, 6]]}"
70,6,105.99493147422739,"{'npc0': [[73, 3], [77, 5], [11, 7], [45, 6], [48, 4], [60, 7]], 'npc1': [[22, 6], [17, 7], [61, 3], [83, 7], [1, 7], [2, 1]]}"
70,7,101.0275544069201,"{'npc0': [[65, 4], [76, 1], [25, 7], [46, 5], [64, 5], [24, 8]], 'npc1': [[39, 5], [89, 6], [54, 2], [23, 4], [35, 6], [2, 5]]}"
71,0,205.6196476221927,"{'npc0': [[52, 7], [56, 5], [78, 4], [38, 6], [32, 3], [34, 8]], 'npc1': [[19, 4], [78, 5], [87, 5], [74, 6], [61, 3], [29, 5]]}"
71,1,108.6180086607772,"{'npc0': [[67, 1], [54, 3], [87, 4], [61, 1], [21, 5], [77, 6]], 'npc1': [[56, 5], [7, 7], [60, 2], [31, 4], [60, 2], [53, 8]]}"
71,2,206.00314360539863,"{'npc0': [[52, 7], [56, 5], [78, 4], [38, 6], [73, 5], [34, 8]], 'npc1': [[19, 4], [78, 5], [87, 5], [74, 6], [61, 3], [53, 8]]}"
71,3,106.15177693218031,"{'npc0': [[67, 1], [54, 3], [87, 4], [61, 1], [32, 2], [77, 6]], 'npc1': [[56, 5], [7, 7], [60, 3], [31, 4], [60, 2], [29, 5]]}"
71,4,111.75518142715642,"{'npc0': [[40, 1], [80, 3], [18, 6], [53, 6], [88, 8], [73, 1]], 'npc1': [[22, 7], [23, 6], [18, 6], [53, 8], [18, 4], [79, 6]]}"
71,5,201.70931040056107,"{'npc0': [[61, 7], [86, 4], [72, 5], [11, 4], [59, 4], [47, 5]], 'npc1': [[52, 7], [46, 1], [24, 7], [6, 4], [41, 2], [17, 6]]}"
71,6,105.99493147422739,"{'npc0': [[73, 3], [77, 5], [11, 7], [45, 6], [48, 4], [60, 7]], 'npc1': [[22, 6], [17, 7], [61, 3], [83, 7], [1, 7], [2, 1]]}"
71,7,101.0275544069201,"{'npc0': [[65, 4], [76, 1], [25, 7], [46, 5], [64, 5], [24, 8]], 'npc1': [[39, 5], [89, 6], [54, 2], [23, 4], [35, 6], [2, 5]]}"
72,0,207.25575162298577,"{'npc0': [[52, 7], [56, 5], [78, 4], [38, 6], [73, 5], [34, 8]], 'npc1': [[19, 4], [78, 5], [87, 5], [74, 6], [61, 3], [53, 8]]}"
72,1,206.07042728105063,"{'npc0': [[52, 7], [56, 5], [78, 4], [75, 6], [32, 3], [34, 8]], 'npc1': [[19, 4], [46, 5], [87, 5], [74, 6], [61, 3], [29, 5]]}"
72,2,205.53180770417435,"{'npc0': [[52, 7], [56, 5], [78, 4], [38, 6], [73, 5], [34, 8]], 'npc1': [[19, 4], [78, 5], [87, 5], [74, 6], [32, 3], [53, 8]]}"
72,3,205.79774002252762,"{'npc0': [[52, 7], [56, 5], [78, 4], [38, 6], [61, 3], [34, 8]], 'npc1': [[19, 4], [78, 5], [87, 5], [74, 6], [61, 3], [29, 5]]}"
72,4,111.75518142715642,"{'npc0': [[40, 1], [80, 3], [18, 6], [53, 6], [88, 8], [73, 1]], 'npc1': [[22, 7], [23, 6], [18, 6], [53, 8], [18, 4], [79, 6]]}"
72,5,201.70931040056107,"{'npc0': [[61, 7], [86, 4], [72, 5], [11, 4], [59, 4], [47, 5]], 'npc1': [[52, 7], [46, 1], [24, 7], [6, 4], [41, 2], [17, 6]]}"
72,6,105.99493147422739,"{'npc0': [[73, 3], [77, 5], [11, 7], [45, 6], [48, 4], [60, 7]], 'npc1': [[22, 6], [17, 7], [61, 3], [83, 7], [1, 7], [2, 1]]}"
72,7,101.0275544069201,"{'npc0': [[65, 4], [76, 1], [25, 7], [46, 5], [64, 5], [24, 8]], 'npc1': [[39, 5], [89, 6], [54, 2], [23, 4], [35, 6], [2, 5]]}"
73,0,205.0901064659729,"{'npc0': [[52, 7], [51, 5], [78, 4], [38, 6], [73, 5], [34, 8]], 'npc1': [[19, 4], [78, 5], [87, 5], [47, 6], [61, 3], [53, 8]]}"
73,1,213.8983251136304,"{'npc0': [[52, 7], [56, 5], [78, 4], [75, 6], [32, 2], [34, 8]], 'npc1': [[44, 4], [46, 5], [87, 5], [74, 6], [61, 3], [29, 5]]}"
73,2,205.27681630617505,"{'npc0': [[19, 4], [56, 5], [78, 4], [48, 6], [73, 5], [34, 8]], 'npc1': [[19, 3], [78, 5], [87, 5], [74, 6], [61, 3], [53, 8]]}"
73,3,108.92339431624282,"{'npc0': [[52, 7], [56, 5], [78, 4], [75, 6], [32, 4], [34, 8]], 'npc1': [[52, 7], [46, 4], [87, 5], [74, 6], [61, 3], [29, 5]]}"
74,0,206.08184769471976,"{'npc0': [[52, 7], [56, 5], [78, 4], [38, 6], [18, 5], [34, 8]], 'npc1': [[19, 4], [78, 5], [87, 5], [74, 6], [61, 3], [53, 8]]}"
74,1,206.17183505638582,"{'npc0': [[52, 7], [56, 5], [78, 4], [38, 6], [18, 5], [34, 8]], 'npc1': [[19, 4], [78, 5], [87, 5], [74, 6], [61, 3], [53, 8]]}"
74,2,205.49592914637617,"{'npc0': [[52, 7], [56, 5], [78, 4], [38, 6], [82, 5], [34, 8]], 'npc1': [[19, 4], [78, 5], [87, 5], [74, 6], [67, 3], [53, 8]]}"
74,3,205.65823928465431,"{'npc0': [[52, 7], [56, 5], [78, 4], [38, 6], [82, 5], [34, 8]], 'npc1': [[19, 4], [78, 5], [87, 5], [74, 6], [67, 3], [53, 8]]}"
74,4,106.03747971997387,"{'npc0': [[80, 5], [3, 4], [69, 5], [23, 7], [36, 7], [17, 8]], 'npc1': [[54, 3], [49, 5], [46, 3], [66, 3], [36, 7], [89, 3]]}"
75,0,104.19667552591295,"{'npc0': [[77, 5], [70, 6], [29, 2], [34, 6], [40, 7], [64, 2]], 'npc1': [[26, 2], [77, 6], [18, 6], [27, 7], [45, 4], [17, 2]]}"
75,1,109.50729388943304,"{'npc0': [[14, 4], [1, 5], [22, 6], [86, 2], [58, 8], [86, 3]], 'npc1': [[65, 5], [85, 5], [26, 3], [41, 1], [45, 4], [64, 5]]}"
75,2,202.24535537151652,"{'npc0': [[83, 4], [16, 8], [30, 3], [43, 8], [37, 8], [71, 6]], 'npc1': [[0, 4], [30, 7], [58, 5], [63, 8], [37, 7], [17, 6]]}"
75,3,63.62355862930142,"{'npc0': [[28, 8], [69, 7], [67, 5], [46, 5], [69, 1], [27, 4]], 'npc1': [[53, 1], [56, 2], [55, 4], [21, 6], [70, 5], [11, 5]]}"
75,4,67.13594363077327,"{'npc0': [[0, 3], [73, 4], [48, 3], [9, 5], [25, 3], [84, 2]], 'npc1': [[37, 3], [53, 1], [53, 2], [60, 6], [85, 4], [61, 4]]}"
75,5,202.02786668207963,"{'npc0': [[28, 7], [71, 1], [45, 5], [44, 2], [10, 1], [37, 6]], 'npc1': [[1, 7], [57, 1], [4, 1], [77, 5], [52, 1], [39, 3]]}"
75,6,68.82740821714569,"{'npc0': [[77, 8], [29, 4], [54, 8], [74, 4], [70, 3], [41, 2]], 'npc1': [[18, 5], [79, 3], [27, 6], [60, 6], [68, 1], [36, 1]]}"
75,7,74.08529255618356,"{'npc0': [[50, 5], [73, 4], [44, 6], [81, 2], [70, 4], [12, 3]], 'npc1': [[8, 1], [42, 4], [72, 1], [73, 7], [79, 5], [67, 2]]}"
76,0,68.15033055024011,"{'npc0': [[83, 4], [16, 8], [30, 3], [43, 8], [37, 8], [71, 6]], 'npc1': [[0, 4], [30, 7], [58, 5], [63, 8], [37, 7], [17, 6]]}"
76,1,201.90913235714285,"{'npc0': [[28, 7], [71, 1], [45, 5], [44, 2], [10, 1], [37, 6]], 'npc1': [[1, 7], [57, 1], [59, 1], [77, 5], [52, 1], [39, 3]]}"
76,2,66.96966511904404,"{'npc0': [[83, 4], [16, 8], [30, 3], [43, 8], [37, 8], [71, 6]], 'npc1': [[0, 4], [30, 7], [58, 5], [63, 8], [37, 7], [17, 6]]}"
76,3,65.30043372001737,"{'npc0': [[28, 7], [71, 2], [45, 5], [44, 2], [10, 1], [37, 6]], 'npc1': [[1, 7], [12, 1], [4, 1], [77, 5], [52, 1], [39, 3]]}"
76,4,67.13594363077327,"{'npc0': [[0, 3], [73, 4], [48, 3], [9, 5], [25, 3], [84, 2]], 'npc1': [[37, 3], [53, 1], [53, 2], [60, 6], [85, 4], [61, 4]]}"
76,5,202.02786668207963,"{'npc0': [[28, 7], [71, 1], [45, 5], [44, 2], [10, 1], [37, 6]], 'npc1': [[1, 7], [57, 1], [4, 1], [77, 5], [52, 1], [39, 3]]}"
76,6,68.82740821714569,"{'npc0': [[77, 8], [29, 4], [54, 8], [74, 4], [70, 3], [41, 2]], 'npc1': [[18, 5], [79, 3], [27, 6], [60, 6], [68, 1], [36, 1]]}"
76,7,74.08529255618356,"{'npc0': [[50, 5], [73, 4], [44, 6], [81, 2], [70, 4], [12, 3]], 'npc1': [[8, 1], [42, 4], [72, 1], [73, 7], [79, 5], [67, 2]]}"
77,0,203.27155856310426,"{'npc0': [[28, 7], [71, 1], [45, 5], [44, 2], [10, 1], [37, 6]], 'npc1': [[1, 7], [57, 1], [4, 1], [77, 5], [52, 1], [39, 3]]}"
77,1,113.23265456222754,"{'npc0': [[28, 7], [71, 1], [45, 5], [44, 2], [10, 1], [37, 6]], 'npc1': [[1, 7], [57, 1], [59, 1], [77, 5], [52, 1], [39, 3]]}"
77,2,102.0043471224746,"{'npc0': [[46, 7], [71, 1], [45, 5], [44, 2], [10, 1], [37, 6]], 'npc1': [[1, 7], [57, 1], [4, 1], [77, 5], [88, 1], [39, 3]]}"
77,3,64.83352738721597,"{'npc0': [[28, 7], [71, 1], [45, 5], [44, 2], [10, 1], [37, 6]], 'npc1': [[1, 7], [57, 1], [59, 1], [77, 5], [52, 1], [39, 3]]}"
77,4,67.13594363077327,"{'npc0': [[0, 3], [73, 4], [48, 3], [9, 5], [25, 3], [84, 2]], 'npc1': [[37, 3], [53, 1], [53, 2], [60, 6], [85, 4], [61, 4]]}"
77,5,202.02786668207963,"{'npc0': [[28, 7], [71, 1], [45, 5], [44, 2], [10, 1], [37, 6]], 'npc1': [[1, 7], [57, 1], [4, 1], [77, 5], [52, 1], [39, 3]]}"
77,6,68.82740821714569,"{'npc0': [[77, 8], [29, 4], [54, 8], [74, 4], [70, 3], [41, 2]], 'npc1': [[18, 5], [79, 3], [27, 6], [60, 6], [68, 1], [36, 1]]}"
77,7,74.08529255618356,"{'npc0': [[50, 5], [73, 4], [44, 6], [81, 2], [70, 4], [12, 3]], 'npc1': [[8, 1], [42, 4], [72, 1], [73, 7], [79, 5], [67, 2]]}"
78,0,203.3956010210473,"{'npc0': [[28, 7], [71, 1], [33, 5], [44, 2], [10, 1], [37, 6]], 'npc1': [[1, 7], [12, 1], [4, 1], [77, 5], [52, 1], [39, 3]]}"
78,1,114.3438111045345,"{'npc0': [[39, 7], [71, 1], [45, 5], [44, 2], [10, 1], [37, 6]], 'npc1': [[1, 7], [57, 1], [60, 1], [77, 5], [52, 1], [39, 3]]}"
78,2,63.68653271916275,"{'npc0': [[28, 7], [71, 1], [45, 5], [44, 2], [59, 1], [37, 6]], 'npc1': [[1, 7], [57, 1], [4, 1], [77, 5], [52, 8], [39, 3]]}"
78,3,202.95855640244315,"{'npc0': [[28, 7], [71, 1], [45, 5], [44, 2], [10, 1], [37, 6]], 'npc1': [[1, 7], [57, 1], [4, 1], [77, 5], [52, 1], [39, 3]]}"
79,0,106.65423054486769,"{'npc0': [[28, 8], [71, 1], [45, 5], [44, 2], [10, 1], [37, 6]], 'npc1': [[1, 7], [57, 1], [4, 1], [77, 5], [31, 1], [39, 3]]}"
79,1,64.0357630040492,"{'npc0': [[28, 8], [71, 1], [45, 5], [44, 2], [10, 1], [37, 6]], 'npc1': [[1, 7], [57, 1], [4, 1], [77, 5], [31, 1], [39, 3]]}"
79,2,64.69014862402972,"{'npc0': [[28, 7], [22, 1], [45, 5], [77, 5], [59, 1], [37, 6]], 'npc1': [[1, 7], [80, 1], [4, 1], [4, 2], [52, 1], [39, 3]]}"
79,3,64.56483895518396,"{'npc0': [[28, 7], [22, 1], [45, 5], [77, 5], [59, 1], [37, 6]], 'npc1': [[1, 7], [80, 1], [4, 1], [4, 2], [52, 1], [39, 3]]}"
79,4,201.61291484891075,"{'npc0': [[80, 5], [3, 4], [69, 5], [23, 7], [36, 7], [17, 8]], 'npc1': [[54, 3], [49, 5], [46, 3], [66, 3], [36, 7], [89, 3]]}"
80,0,102.87613828628291,"{'npc0': [[4, 1], [50, 5], [14, 7], [32, 6], [31, 7], [4, 3]], 'npc1': [[66, 6], [57, 7], [88, 7], [65, 1], [22, 5], [69, 5]]}"
80,1,202.37133042389087,"{'npc0': [[19, 6], [53, 5], [62, 5], [89, 6], [19, 7], [4, 7]], 'npc1': [[79, 4], [14, 8], [20, 7], [52, 4], [61, 1], [13, 6]]}"
80,2,106.82608181196807,"{'npc0': [[70, 2], [74, 6], [23, 1], [57, 1], [86, 7], [11, 8]], 'npc1': [[8, 7], [30, 8], [33, 1], [83, 5], [2, 1], [24, 2]]}"
80,3,60.076912941727436,"{'npc0': [[72, 2], [0, 1], [31, 3], [19, 7], [6, 7], [14, 2]], 'npc1': [[81, 2], [38, 6], [51, 4], [57, 1], [26, 7], [41, 8]]}"
80,4,61.44046422986849,"{'npc0': [[88, 2], [75, 6], [50, 2], [46, 6], [71, 1], [12, 3]], 'npc1': [[67, 8], [48, 5], [79, 5], [50, 3], [31, 8], [19, 6]]}"
80,5,65.62543626284936,"{'npc0': [[3, 1], [38, 3], [5, 5], [71, 8], [80, 8], [47, 8]], 'npc1': [[88, 1], [89, 3], [32, 7], [40, 2], [77, 1], [88, 6]]}"
80,6,101.37165321273459,"{'npc0': [[9, 6], [25, 8], [43, 3], [76, 7], [17, 2], [7, 5]], 'npc1': [[43, 1], [38, 4], [9, 2], [61, 5], [61, 7], [45, 5]]}"
80,7,102.8616787496763,"{'npc0': [[85, 6], [18, 1], [27, 3], [81, 2], [17, 3], [17, 4]], 'npc1': [[44, 4], [53, 2], [69, 1], [76, 4], [13, 1], [67, 1]]}"
81,0,101.75698387724809,"{'npc0': [[19, 6], [53, 5], [62, 5], [89, 6], [19, 7], [4, 7]], 'npc1': [[79, 4], [14, 8], [20, 7], [52, 4], [61, 1], [13, 6]]}"
81,1,107.92354947938449,"{'npc0': [[70, 2], [74, 6], [23, 1], [57, 1], [86, 7], [11, 8]], 'npc1': [[8, 7], [30, 8], [33, 1], [83, 5], [2, 1], [24, 2]]}"
81,2,103.24841575184301,"{'npc0': [[19, 6], [74, 6], [62, 6], [89, 6], [19, 7], [4, 7]], 'npc1': [[79, 4], [14, 8], [20, 7], [52, 4], [2, 1], [13, 6]]}"
81,3,61.89032201844024,"{'npc0': [[70, 2], [53, 5], [23, 1], [57, 1], [34, 7], [11, 8]], 'npc1': [[8, 7], [30, 8], [33, 1], [83, 5], [61, 1], [24, 1]]}"
81,4,61.44046422986849,"{'npc0': [[88, 2], [75, 6], [50, 2], [46, 6], [71, 1], [12, 3]], 'npc1': [[67, 8], [48, 5], [79, 5], [50, 3], [31, 8], [19, 6]]}"
81,5,65.62543626284936,"{'npc0': [[3, 1], [38, 3], [5, 5], [71, 8], [80, 8], [47, 8]], 'npc1': [[88, 1], [89, 3], [32, 7], [40, 2], [77, 1], [88, 6]]}"
81,6,101.37165321273459,"{'npc0': [[9, 6], [25, 8], [43, 3], [76, 7], [17, 2], [7, 5]], 'npc1': [[43, 1], [38, 4], [9, 2], [61, 5], [61, 7], [45, 5]]}"
81,7,102.8616787496763,"{'npc0': [[85, 6], [18, 1], [27, 3], [81, 2], [17, 3], [17, 4]], 'npc1': [[44, 4], [53, 2], [69, 1], [76, 4], [13, 1], [67, 1]]}"
82,0,108.01674317669804,"{'npc0': [[70, 2], [74, 6], [23, 1], [57, 1], [86, 7], [11, 8]], 'npc1': [[8, 7], [30, 8], [33, 1], [83, 5], [2, 1], [24, 2]]}"
82,1,102.94206255058351,"{'npc0': [[19, 6], [74, 6], [86, 6], [89, 6], [19, 7], [4, 7]], 'npc1': [[79, 4], [14, 8], [4, 7], [52, 4], [2, 1], [13, 6]]}"
82,2,103.6391020670294,"{'npc0': [[70, 2], [74, 6], [73, 1], [57, 1], [86, 7], [11, 8]], 'npc1': [[8, 7], [30, 8], [27, 1], [83, 5], [2, 1], [24, 2]]}"
82,3,103.23357620780462,"{'npc0': [[19, 6], [74, 6], [62, 6], [89, 6], [19, 7], [4, 7]], 'npc1': [[79, 4], [14, 8], [20, 7], [52, 4], [2, 1], [13, 6]]}"
82,4,61.44046422986849,"{'npc0': [[88, 2], [75, 6], [50, 2], [46, 6], [71, 1], [12, 3]], 'npc1': [[67, 8], [48, 5], [79, 5], [50, 3], [31, 8], [19, 6]]}"
82,5,65.62543626284936,"{'npc0': [[3, 1], [38, 3], [5, 5], [71, 8], [80, 8], [47, 8]], 'npc1': [[88, 1], [89, 3], [32, 7], [40, 2], [77, 1], [88, 6]]}"
82,6,101.37165321273459,"{'npc0': [[9, 6], [25, 8], [43, 3], [76, 7], [17, 2], [7, 5]], 'npc1': [[43, 1], [38, 4], [9, 2], [61, 5], [61, 7], [45, 5]]}"
82,7,102.8616787496763,"{'npc0': [[85, 6], [18, 1], [27, 3], [81, 2], [17, 3], [17, 4]], 'npc1': [[44, 4], [53, 2], [69, 1], [76, 4], [13, 1], [67, 1]]}"
83,0,202.362759127961,"{'npc0': [[70, 2], [74, 5], [23, 1], [57, 1], [86, 7], [11, 8]], 'npc1': [[8, 7], [30, 8], [33, 1], [83, 5], [2, 1], [24, 2]]}"
83,1,101.30065587722866,"{'npc0': [[70, 2], [74, 6], [73, 1], [57, 1], [86, 7], [11, 8]], 'npc1': [[8, 7], [30, 8], [27, 1], [83, 5], [2, 1], [24, 2]]}"
83,2,104.99241202817834,"{'npc0': [[70, 2], [74, 6], [23, 1], [57, 8], [86, 7], [11, 8]], 'npc1': [[8, 7], [74, 6], [33, 1], [83, 5], [2, 1], [69, 2]]}"
83,3,62.09504015568607,"{'npc0': [[70, 2], [30, 8], [73, 1], [57, 1], [39, 7], [11, 8]], 'npc1': [[8, 7], [30, 8], [27, 1], [83, 5], [2, 8], [24, 2]]}"
83,4,61.44046422986849,"{'npc0': [[88, 2], [75, 6], [50, 2], [46, 6], [71, 1], [12, 3]], 'npc1': [[67, 8], [48, 5], [79, 5], [50, 3], [31, 8], [19, 6]]}"
83,5,65.62543626284936,"{'npc0': [[3, 1], [38, 3], [5, 5], [71, 8], [80, 8], [47, 8]], 'npc1': [[88, 1], [89, 3], [32, 7], [40, 2], [77, 1], [88, 6]]}"
83,6,101.37165321273459,"{'npc0': [[9, 6], [25, 8], [43, 3], [76, 7], [17, 2], [7, 5]], 'npc1': [[43, 1], [38, 4], [9, 2], [61, 5], [61, 7], [45, 5]]}"
83,7,102.8616787496763,"{'npc0': [[85, 6], [18, 1], [27, 3], [81, 2], [17, 3], [17, 4]], 'npc1': [[44, 4], [53, 2], [69, 1], [76, 4], [13, 1], [67, 1]]}"
84,0,202.40896863193467,"{'npc0': [[70, 2], [74, 5], [23, 1], [57, 1], [86, 7], [51, 8]], 'npc1': [[28, 7], [30, 8], [33, 1], [83, 5], [2, 1], [24, 2]]}"
84,1,102.7123879808326,"{'npc0': [[70, 2], [74, 6], [23, 1], [57, 8], [86, 7], [11, 8]], 'npc1': [[8, 7], [74, 6], [33, 1], [83, 5], [2, 1], [69, 2]]}"
84,2,102.38157893310431,"{'npc0': [[70, 2], [74, 5], [54, 1], [57, 1], [86, 7], [11, 8]], 'npc1': [[8, 7], [30, 7], [33, 1], [83, 5], [2, 1], [24, 2]]}"
84,3,62.117909252928065,"{'npc0': [[70, 2], [74, 6], [23, 1], [57, 8], [86, 7], [11, 8]], 'npc1': [[8, 7], [74, 6], [33, 1], [83, 5], [2, 1], [69, 2]]}"
84,4,61.44046422986849,"{'npc0': [[88, 2], [75, 6], [50, 2], [46, 6], [71, 1], [12, 3]], 'npc1': [[67, 8], [48, 5], [79, 5], [50, 3], [31, 8], [19, 6]]}"
84,5,65.62543626284936,"{'npc0': [[3, 1], [38, 3], [5, 5], [71, 8], [80, 8], [47, 8]], 'npc1': [[88, 1], [89, 3], [32, 7], [40, 2], [77, 1], [88, 6]]}"
84,6,101.37165321273459,"{'npc0': [[9, 6], [25, 8], [43, 3], [76, 7], [17, 2], [7, 5]], 'npc1': [[43, 1], [38, 4], [9, 2], [61, 5], [61, 7], [45, 5]]}"
84,7,102.8616787496763,"{'npc0': [[85, 6], [18, 1], [27, 3], [81, 2], [17, 3], [17, 4]], 'npc1': [[44, 4], [53, 2], [69, 1], [76, 4], [13, 1], [67, 1]]}"
85,0,202.25434189157696,"{'npc0': [[70, 2], [74, 5], [23, 1], [57, 1], [86, 7], [51, 7]], 'npc1': [[28, 7], [30, 1], [33, 1], [83, 5], [2, 1], [24, 2]]}"
85,1,102.86723617954769,"{'npc0': [[85, 6], [18, 1], [27, 3], [81, 2], [17, 3], [17, 4]], 'npc1': [[44, 4], [53, 2], [69, 1], [76, 4], [13, 1], [67, 1]]}"
85,2,201.91709629575462,"{'npc0': [[70, 2], [18, 1], [23, 1], [57, 1], [22, 7], [51, 8]], 'npc1': [[74, 7], [30, 8], [33, 1], [83, 5], [2, 1], [24, 2]]}"
85,3,102.8558138199593,"{'npc0': [[85, 6], [74, 5], [16, 3], [81, 2], [17, 3], [17, 4]], 'npc1': [[44, 3], [53, 2], [69, 1], [76, 4], [13, 1], [67, 1]]}"
86,0,102.9321971346584,"{'npc0': [[70, 2], [74, 5], [23, 1], [57, 1], [2, 7], [51, 8]], 'npc1': [[28, 7], [30, 8], [33, 1], [83, 5], [2, 1], [24, 2]]}"
86,1,112.0657621319249,"{'npc0': [[70, 2], [74, 5], [23, 1], [57, 1], [2, 7], [51, 8]], 'npc1': [[28, 7], [30, 8], [33, 1], [83, 5], [2, 1], [24, 2]]}"
86,2,62.32011858163469,"{'npc0': [[70, 2], [74, 5], [23, 1], [57, 1], [86, 7], [51, 8]], 'npc1': [[28, 7], [30, 8], [33, 8], [83, 5], [2, 1], [24, 2]]}"
86,3,59.802175032432565,"{'npc0': [[70, 2], [74, 5], [23, 1], [57, 1], [86, 7], [51, 8]], 'npc1': [[28, 7], [30, 8], [33, 8], [83, 5], [2, 1], [24, 2]]}"
86,4,202.81694602171234,"{'npc0': [[80, 5], [3, 4], [69, 5], [23, 7], [36, 7], [17, 8]], 'npc1': [[54, 3], [49, 5], [46, 3], [66, 3], [36, 7], [89, 3]]}"
87,0,101.08960661796692,"{'npc0': [[80, 5], [3, 4], [69, 5], [23, 7], [36, 7], [32, 8]], 'npc1': [[54, 3], [49, 5], [46, 3], [66, 3], [36, 6], [89, 3]]}"
87,1,108.29327471918948,"{'npc0': [[70, 2], [74, 5], [23, 1], [57, 1], [2, 7], [51, 8]], 'npc1': [[28, 7], [30, 8], [33, 1], [35, 5], [2, 1], [24, 2]]}"
87,2,202.0253053270697,"{'npc0': [[80, 5], [3, 4], [70, 1], [23, 7], [36, 7], [17, 8]], 'npc1': [[54, 3], [74, 5], [46, 3], [66, 3], [36, 7], [89, 4]]}"
87,3,60.826275235714434,"{'npc0': [[70, 2], [49, 5], [69, 5], [57, 1], [2, 7], [51, 8]], 'npc1': [[28, 7], [30, 8], [33, 1], [83, 5], [2, 1], [24, 2]]}"
88,0,202.22512888124675,"{'npc0': [[70, 2], [74, 5], [23, 1], [57, 1], [55, 7], [51, 8]], 'npc1': [[28, 7], [30, 8], [33, 1], [83, 6], [2, 1], [24, 2]]}"
88,1,66.89853761960967,"{'npc0': [[70, 2], [74, 5], [23, 1], [57, 1], [55, 7], [51, 8]], 'npc1': [[28, 7], [30, 8], [33, 1], [83, 6], [2, 1], [24, 2]]}"
88,2,203.3053404815482,"{'npc0': [[70, 1], [52, 5], [23, 1], [57, 1], [2, 7], [51, 8]], 'npc1': [[72, 7], [30, 8], [33, 1], [83, 5], [2, 1], [49, 2]]}"
88,3,203.31884139890008,"{'npc0': [[70, 1], [52, 5], [23, 1], [57, 1], [2, 7], [51, 8]], 'npc1': [[72, 7], [30, 8], [33, 1], [83, 5], [2, 1], [49, 2]]}"
88,4,202.12807474792865,"{'npc0': [[80, 5], [3, 4], [69, 5], [23, 7], [36, 7], [17, 8]], 'npc1': [[54, 3], [49, 5], [46, 3], [66, 3], [36, 7], [89, 3]]}"
89,0,206.3486206528363,"{'npc0': [[70, 1], [78, 5], [23, 1], [57, 1], [2, 7], [51, 1]], 'npc1': [[72, 7], [30, 8], [33, 8], [83, 5], [34, 1], [49, 2]]}"
89,1,202.89120198189104,"{'npc0': [[70, 1], [78, 5], [23, 1], [57, 1], [2, 7], [51, 1]], 'npc1': [[72, 7], [30, 8], [33, 8], [83, 5], [34, 1], [49, 2]]}"
89,2,202.91533470863226,"{'npc0': [[70, 1], [52, 6], [23, 1], [57, 1], [2, 8], [51, 8]], 'npc1': [[72, 7], [36, 8], [33, 1], [83, 5], [2, 1], [58, 2]]}"
89,3,203.50095932825167,"{'npc0': [[70, 1], [52, 6], [23, 1], [57, 1], [2, 8], [51, 8]], 'npc1': [[72, 7], [36, 8], [33, 1], [83, 5], [2, 1], [58, 2]]}"
90,0,202.2993465882835,"{'npc0': [[70, 2], [74, 5], [23, 1], [57, 1], [4, 7], [51, 8]], 'npc1': [[28, 7], [30, 8], [33, 1], [83, 6], [2, 1], [24, 1]]}"
90,1,100.8537862742812,"{'npc0': [[70, 2], [74, 5], [23, 1], [57, 1], [4, 7], [51, 8]], 'npc1': [[28, 7], [30, 8], [33, 1], [83, 6], [2, 1], [24, 1]]}"
90,2,107.74806215299326,"{'npc0': [[70, 2], [74, 5], [23, 1], [57, 1], [55, 7], [51, 7]], 'npc1': [[28, 7], [30, 8], [33, 1], [83, 6], [2, 1], [24, 2]]}"
90,3,102.34693193943296,"{'npc0': [[70, 2], [74, 5], [23, 1], [57, 1], [55, 7], [51, 7]], 'npc1': [[28, 7], [30, 8], [33, 1], [83, 6], [2, 1], [24, 2]]}"
90,4,202.3599324955935,"{'npc0': [[80, 5], [3, 4], [69, 5], [23, 7], [36, 7], [17, 8]], 'npc1': [[54, 3], [49, 5], [46, 3], [66, 3], [36, 7], [89, 3]]}"
91,0,103.67587377693405,"{'npc0': [[40, 8], [29, 2], [50, 7], [22, 8], [10, 2], [70, 5]], 'npc1': [[3, 5], [5, 7], [34, 8], [64, 3], [16, 5], [78, 3]]}"
91,1,202.89798032932813,"{'npc0': [[38, 2], [54, 1], [71, 4], [70, 3], [44, 1], [54, 6]], 'npc1': [[23, 4], [7, 7], [83, 6], [83, 2], [69, 1], [20, 3]]}"
91,2,108.66757423961943,"{'npc0': [[12, 2], [32, 2], [79, 1], [13, 4], [33, 3], [83, 6]], 'npc1': [[58, 2], [30, 5], [79, 8], [44, 5], [51, 8], [58, 5]]}"
91,3,202.00566914604434,"{'npc0': [[86, 2], [65, 2], [79, 7], [62, 6], [45, 6], [30, 8]], 'npc1': [[22, 3], [76, 7], [14, 3], [85, 7], [71, 7], [36, 7]]}"
91,4,204.14114576915844,"{'npc0': [[43, 2], [74, 1], [67, 2], [23, 4], [65, 7], [35, 1]], 'npc1': [[32, 1], [49, 3], [6, 7], [2, 4], [72, 4], [34, 4]]}"
91,5,61.1429335566216,"{'npc0': [[79, 3], [15, 5], [15, 1], [75, 6], [4, 3], [63, 7]], 'npc1': [[65, 4], [85, 2], [0, 6], [19, 2], [10, 3], [55, 6]]}"
91,6,65.57570202961651,"{'npc0': [[89, 4], [69, 3], [68, 7], [51, 2], [64, 8], [15, 2]], 'npc1': [[35, 1], [45, 1], [57, 8], [33, 5], [13, 8], [67, 2]]}"
91,7,61.81780848599178,"{'npc0': [[73, 5], [34, 3], [19, 3], [19, 4], [72, 8], [79, 4]], 'npc1': [[22, 3], [5, 8], [74, 2], [58, 3], [88, 8], [23, 4]]}"
